task,model,baseline,other,n,mse_a,mse_b,diff,relative,ci_low,ci_high,p_t,p_wilcoxon,p_pitman_morgan,p_corrected_cv,p_t_holm,p_wilcoxon_holm,p_pitman_morgan_holm,p_corrected_cv_holm,truth,dataset
task_0,linear,ll,disc,200,31.00625863487973,30.597004472338895,0.40925416254083574,0.01319908239688278,-2.7680442164058157,3.413465951805359,0.39974162112826567,0.49659259910275766,0.4138262420357544,0.447748349539463,0.7994832422565313,0.9931851982055153,0.8276524840715088,0.895496699078926,load,0
task_0,ridge,ll,disc,200,30.36098709474395,30.506805980515324,-0.14581888577136987,-0.004802837447818481,-2.5760847690306687,2.392116611980291,0.5436934066728608,0.43266092379531923,0.5390102059176911,0.5219291326116544,1.0,0.8653218475906385,1.0,1.0,load,0
task_0,bagged_trees,ll,disc,200,32.66356293608975,30.292448602925177,2.371114333164573,0.07259202977348025,0.2176088661659279,4.413141439366306,0.013905737904517079,0.007873724297478736,0.03335624548114045,0.0469516736573973,0.027811475809034158,0.015747448594957473,0.0667124909622809,0.0939033473147946,load,0
task_0,svm_gaussian_10,ll,disc,200,30.408692266022108,30.708814178859125,-0.3001219128370166,-0.009869609327868569,-2.3674396958163624,1.7593565845990466,0.6100535711492643,0.531122123782227,0.5995315728415344,0.5583188049873418,1.0,1.0,1.0,1.0,load,0
task_1,linear,ll,disc,200,30.01102127034558,34.64312386335105,-4.63210259300547,-0.15434671653718537,-9.490516056232714,-0.2218410735166522,0.9776320788376693,0.95885249290027,0.9956828064380386,0.9078032971510369,0.9776320788376693,0.9931851982055153,0.9956828064380386,0.9078032971510369,load,0
task_1,ridge,ll,disc,200,30.253088772145478,30.527804880873205,-0.27471610872772445,-0.009080597052313552,-3.0459404975039512,2.3494277949695377,0.5813202713770986,0.6750507887504406,0.5938003834710366,0.5539118172256297,1.0,0.8653218475906385,1.0,1.0,load,0
task_1,bagged_trees,ll,disc,200,31.49425271178234,30.82175574064422,0.6724969711381212,0.021353006127576186,-2.061716400888769,3.350732337164669,0.31779672970014106,0.27863481094252296,0.30183371076003035,0.3524615749668459,0.31779672970014106,0.27863481094252296,0.30183371076003035,0.3524615749668459,load,0
task_1,svm_gaussian_10,ll,disc,200,30.73616037798577,31.577251282257947,-0.8410909042721751,-0.02736486581045405,-3.7702766870974225,1.8454072528188326,0.7205448615939725,0.5019471021706424,0.7388612206927236,0.6459816620823442,1.0,1.0,1.0,1.0,load,0
task_0,linear,ll,conn_matched,200,31.00625863487973,33.54851385259158,-2.542255217711852,-0.0819916794105563,-6.40875881906501,1.24175565986393,0.8993252066651954,0.8725271722185937,0.8719121593942349,0.770599615654991,1.0,1.0,1.0,1.0,load,0
task_0,ridge,ll,conn_matched,200,30.36098709474395,33.401099573488445,-3.040112478744488,-0.1001322015406669,-6.479517167070744,0.3766092578678978,0.9535683918351796,0.901849168300008,0.9332131778864302,0.8446151154367059,1.0,1.0,1.0,1.0,load,0
task_0,bagged_trees,ll,conn_matched,200,32.66356293608975,34.97131770796228,-2.3077547718725278,-0.07065226706553514,-4.748152706756641,0.0928956001517964,0.9640659949830559,0.9243450713675089,0.9533147323939559,0.9125631251253072,1.0,1.0,1.0,1.0,load,0
task_0,svm_gaussian_10,ll,conn_matched,200,30.408692266022108,34.31787624474526,-3.9091839787231493,-0.12855482059289905,-7.030673927732089,-1.0174731480980332,0.9929570148342709,0.9836813919018281,0.9891321383498038,0.9279044181404625,1.0,1.0,1.0,1.0,load,0
task_1,linear,ll,conn_matched,200,30.01102127034558,33.58307254533196,-3.572051274986384,-0.1190246490717059,-8.183213135189794,1.3066627195698781,0.9337422001383432,0.979086829322797,0.9716830776746901,0.783932276001962,1.0,1.0,1.0,1.0,load,0
task_1,ridge,ll,conn_matched,200,30.253088772145478,33.6382570118388,-3.3851682396933223,-0.111894962699151,-7.370506521588876,0.7715914272058563,0.9531063977370058,0.9873028682658808,0.9798683428721975,0.8104920928059995,1.0,1.0,1.0,1.0,load,0
task_1,bagged_trees,ll,conn_matched,200,31.49425271178234,34.19878230188142,-2.7045295900990713,-0.0858737501997397,-6.270197512810151,0.5128616292877244,0.9426759062369809,0.8215344260915693,0.9705732503617164,0.7688620029466953,1.0,1.0,1.0,1.0,load,0
task_1,svm_gaussian_10,ll,conn_matched,200,30.73616037798577,34.035630664711995,-3.2994702867262244,-0.10734816080311098,-6.848009373749541,0.02051289929208212,0.9688030795823511,0.9776996049726826,0.9904573077937416,0.8272678359515512,1.0,1.0,1.0,1.0,load,0
task_0,linear,ll,conn,200,31.00625863487973,36.287955495273465,-5.281696860393733,-0.17034292729701409,-10.200030225278434,-0.7346910777122836,0.9850109839914035,0.9049803356149275,0.9848019088196778,0.8923193743659015,1.0,1.0,1.0,1.0,load,0
task_0,ridge,ll,conn,200,30.36098709474395,29.77196103702545,0.5890260577185014,0.019400754523573205,-1.3009025483990906,2.4486774295358926,0.2720366300678585,0.5553141991621512,0.29792430219872695,0.3777871874204425,0.544073260135717,1.0,0.5958486043974539,0.755574374840885,load,0
task_0,bagged_trees,ll,conn,200,32.66356293608975,30.163605338344126,2.499957597745622,0.07653658612310894,0.3246364714636748,4.613506693884794,0.014189440195037435,0.014210502368366556,0.023234837102438836,0.10139807962676399,0.02837888039007487,0.02842100473673311,0.04646967420487767,0.20279615925352798,load,0
task_0,svm_gaussian_10,ll,conn,200,30.408692266022108,30.54238708158594,-0.13369481556383014,-0.004396598656536681,-1.9422459868644415,1.7580434234689657,0.5588288260797233,0.8538310777773779,0.5566952738620423,0.5451052808301495,1.0,1.0,1.0,1.0,load,0
task_1,linear,ll,conn,200,30.01102127034558,44.879503960009934,-14.868482689664358,-0.495434079224627,-24.489483454192232,-6.876144350413936,0.9994223347412604,0.9998747414468938,0.9999984023507269,0.941668351681743,1.0,1.0,1.0,1.0,load,0
task_1,ridge,ll,conn,200,30.253088772145478,31.461627211861323,-1.2085384397158434,-0.03994760498070415,-3.0842764058326186,0.6305995515985362,0.9010813860048345,0.9814776387312188,0.8987899201789052,0.872810805428301,0.9010813860048345,1.0,0.8987899201789052,0.872810805428301,load,0
task_1,bagged_trees,ll,conn,200,31.49425271178234,30.424169728967048,1.0700829828152942,0.03397708758509341,-1.1696943547768552,3.387990328781641,0.19015605452980486,0.23579315842811555,0.14570853981274323,0.21397213134616658,0.19015605452980486,0.23579315842811555,0.14570853981274323,0.21397213134616658,load,0
task_1,svm_gaussian_10,ll,conn,200,30.73616037798577,32.562204629981544,-1.8260442519957685,-0.059410291641490795,-3.761449903620607,-0.008036681986088036,0.9710719345433912,0.9845547750428777,0.9675711364829016,0.8448909608645758,1.0,1.0,1.0,1.0,load,0
task_0,linear,ll,ll+conn,200,31.00625863487973,39.339018793241664,-8.332760158361934,-0.26874445757825804,-14.816032005564068,-2.8216135724363185,0.9967283124007281,0.9730642818386332,0.9989088501494576,0.9514881819938225,1.0,1.0,1.0,1.0,load,0
task_0,ridge,ll,ll+conn,200,30.36098709474395,30.000855842079545,0.36013125266440427,0.011861645062480516,-1.3125381085756942,2.0996204508913725,0.34495318958526094,0.5442058967817623,0.3395241977172739,0.4221920158381048,0.6899063791705219,1.0,0.6790483954345478,0.8443840316762096,load,0
task_0,bagged_trees,ll,ll+conn,200,32.66356293608975,30.405691296556512,2.2578716395332448,0.0691250873014388,0.12754432503019575,4.298093188889438,0.017303563515140553,0.039247548645129506,0.029662443878223744,0.1253201617112149,0.034607127030281105,0.07849509729025901,0.05932488775644749,0.2506403234224298,load,0
task_0,svm_gaussian_10,ll,ll+conn,200,30.408692266022108,30.734600641482483,-0.32590837546037865,-0.010717605762499045,-2.1238631771654504,1.4947608164188189,0.6414410633863468,0.8678864424043171,0.6416786024337366,0.586702663980829,1.0,1.0,1.0,1.0,load,0
task_1,linear,ll,ll+conn,200,30.01102127034558,44.738416098679934,-14.727394828334349,-0.4907328776207542,-25.35618502648876,-5.855143431076375,0.998482669373095,0.9993779466271646,0.9999975777764913,0.9396860375081776,1.0,1.0,1.0,1.0,load,0
task_1,ridge,ll,ll+conn,200,30.253088772145478,31.507303607012673,-1.2542148348671929,-0.041457414292915745,-3.038920877023652,0.5309651420212567,0.915422385214979,0.9837804783748795,0.9136581496701295,0.8937559076119573,0.915422385214979,1.0,0.9136581496701295,0.8937559076119573,load,0
task_1,bagged_trees,ll,ll+conn,200,31.49425271178234,30.404388509471666,1.0898642023106777,0.0346051774044141,-1.0722525683256476,3.288538775209098,0.1645998107168678,0.18883891536446923,0.12158275095513409,0.2219583821655329,0.1645998107168678,0.18883891536446923,0.12158275095513409,0.2506403234224298,load,0
task_1,svm_gaussian_10,ll,ll+conn,200,30.73616037798577,32.95836644089942,-2.222206062913645,-0.07229940355547014,-4.232094945089211,-0.35004920422452557,0.9890441921816824,0.996660489461121,0.9877698519511326,0.8920577361107315,1.0,1.0,1.0,1.0,load,0
task_0,linear,ll,"stack(ll,conn)",200,31.00625863487973,30.90022384374475,0.10603479113497948,0.0034197867076970786,-1.611377369408791,1.7770075614041794,0.45220304634146724,0.06390783013517246,0.4529921560293926,0.4764976643117745,0.9044060926829345,0.1278156602703449,0.9059843120587852,0.9370441955486413,load,0
task_0,ridge,ll,"stack(ll,conn)",200,30.36098709474395,29.79178537754829,0.5692017171956611,0.018747800110036624,-0.4632247123356894,1.6124053057948324,0.1500628205699325,0.2877198996528355,0.16770196897178094,0.30772132959874093,0.300125641139865,0.575439799305671,0.3354039379435619,0.6154426591974819,load,0
task_0,bagged_trees,ll,"stack(ll,conn)",200,32.66356293608975,30.456810382636963,2.206752553452784,0.06756006862357805,-0.45092518283141714,4.714838119359709,0.05558085779490439,0.06269538790539922,0.07044257000096028,0.18769367257673025,0.11116171558980878,0.12539077581079844,0.14088514000192057,0.3753873451534605,load,0
task_0,svm_gaussian_10,ll,"stack(ll,conn)",200,30.408692266022108,30.136037049190055,0.2726552168320543,0.00896635785737857,-0.700635953515785,1.275754802047972,0.2933201753174273,0.7406886819736302,0.2912618936052433,0.40266368256938706,0.5866403506348546,1.0,0.5825237872104866,0.8053273651387741,load,0
task_1,linear,ll,"stack(ll,conn)",200,30.01102127034558,29.926251074627125,0.08477019571845687,0.00282463548823711,-1.391000357472335,1.7372279913499422,0.4562043480464042,0.7242263216183388,0.4540165235372147,0.46852209777432063,0.9044060926829345,0.7242263216183388,0.9059843120587852,0.9370441955486413,load,0
task_1,ridge,ll,"stack(ll,conn)",200,30.253088772145478,30.096919740371824,0.1561690317736599,0.005162085529509546,-0.858527828726256,1.2134901922399,0.37797466334988006,0.6464718217778376,0.36880709018604585,0.40979996390259493,0.37797466334988006,0.6464718217778376,0.36880709018604585,0.6154426591974819,load,0
task_1,bagged_trees,ll,"stack(ll,conn)",200,31.49425271178234,31.251605525129943,0.24264718665240217,0.0077044910026274485,-2.1221240285730505,2.5392888232722233,0.4208460679853406,0.3553441885428883,0.40312997918651455,0.44466805801732273,0.4208460679853406,0.3553441885428883,0.40312997918651455,0.44466805801732273,load,0
task_1,svm_gaussian_10,ll,"stack(ll,conn)",200,30.73616037798577,31.006509016187415,-0.2703486382016411,-0.008795784342512526,-1.318707936687042,0.7198682257656491,0.702307866322891,0.6768053531531886,0.7319188184647369,0.6079839153113444,0.702307866322891,1.0,0.7319188184647369,0.8053273651387741,load,0
task_0,linear,ll,disc,200,22.944242589521238,26.33910284523746,-3.3948602557162273,-0.14796131284223252,-6.978888745545204,-0.1945886758193912,0.9718443386590953,0.9275939734789279,0.9942901953513259,0.8906357364792273,1.0,1.0,1.0,1.0,load,1
task_0,ridge,ll,disc,200,22.937636089326425,25.88820131371519,-2.950565224388768,-0.1286342329653471,-5.81256187241765,-0.44820244879182863,0.9834311956247832,0.9784026275795675,0.9971196572641957,0.955070162018624,1.0,1.0,1.0,1.0,load,1
task_0,bagged_trees,ll,disc,200,25.45310650025007,24.73771214773392,0.7153943525161438,0.028106366997251015,-1.352256937552718,2.748945890583294,0.25448585214855185,0.3351124397450682,0.24200364746602937,0.34140081545000867,0.5089717042971037,0.6702248794901364,0.48400729493205874,0.6828016309000173,load,1
task_0,svm_gaussian_10,ll,disc,200,23.13283738270457,24.705628107834528,-1.5727907251299582,-0.06798952930460085,-3.7555875651069357,0.49249123734131933,0.9245779406515282,0.9253828230514844,0.9573024048146483,0.9047128622557241,1.0,1.0,1.0,1.0,load,1
task_1,linear,ll,disc,200,23.315481564399825,27.46292130966041,-4.147439745260588,-0.17788351202632985,-6.463204200991292,-1.8083775844197711,0.9996408283038689,0.9548289809974659,0.9997998419183497,0.9557426174408152,1.0,1.0,1.0,1.0,load,1
task_1,ridge,ll,disc,200,23.341214173144426,27.140608767045116,-3.799394593900688,-0.16277621916824433,-6.016737700042658,-1.645449784769894,0.9996241669170121,0.9566546695639686,0.9997961445775347,0.9706978908912236,1.0,1.0,1.0,1.0,load,1
task_1,bagged_trees,ll,disc,200,27.200853547340856,28.970294134840497,-1.7694405874996397,-0.06505092145068439,-3.7556815588501458,0.21050634383826233,0.9546735604715915,0.7512455795828589,0.9753320640564201,0.8205342423866449,0.9546735604715915,0.7512455795828589,0.9753320640564201,0.8205342423866449,load,1
task_1,svm_gaussian_10,ll,disc,200,24.237480983730453,28.70228763376676,-4.464806650036305,-0.18421083663906046,-6.6809795965776155,-2.407106523849294,0.9999662495515365,0.998492643506697,0.999996297556099,0.9919710782113362,1.0,1.0,1.0,1.0,load,1
task_0,linear,ll,conn_matched,200,22.944242589521238,28.020479262995178,-5.076236673473948,-0.2212422856700571,-9.069407375308648,-1.7310145963887005,0.9968343890004728,0.9793917123197166,0.9987023740439617,0.9760832158077056,1.0,1.0,1.0,1.0,load,1
task_0,ridge,ll,conn_matched,200,22.937636089326425,28.20840610481836,-5.270770015491935,-0.22978697521252345,-9.140990872744053,-1.9745765173909227,0.9982119007776233,0.9815329157735512,0.9997001061743945,0.9828787114601947,1.0,1.0,1.0,1.0,load,1
task_0,bagged_trees,ll,conn_matched,200,25.45310650025007,28.709491630437032,-3.256385130186968,-0.12793664813192743,-5.838000214057908,-0.7092071673045317,0.9927641710854321,0.9905217999938862,0.9973308600271159,0.9817425092860332,1.0,1.0,1.0,1.0,load,1
task_0,svm_gaussian_10,ll,conn_matched,200,23.13283738270457,27.965541650827422,-4.8327042681228525,-0.20891100335733387,-8.529747820138969,-1.711198234501195,0.9969633114152352,0.8617889108995084,0.9997243855667629,0.9887977056576253,1.0,1.0,1.0,1.0,load,1
task_1,linear,ll,conn_matched,200,23.315481564399825,27.87480725541096,-4.559325691011138,-0.19554928249788875,-8.297163306255191,-0.9441593090950446,0.9931781448574669,0.964529259669677,0.9965083971185962,0.9054620036272136,1.0,1.0,1.0,1.0,load,1
task_1,ridge,ll,conn_matched,200,23.341214173144426,27.926105518619416,-4.5848913454749844,-0.1964289994284101,-8.013573374775811,-1.2762478831820592,0.9962532934358995,0.9780215185366552,0.9985394541884289,0.9313210871185992,1.0,1.0,1.0,1.0,load,1
task_1,bagged_trees,ll,conn_matched,200,27.200853547340856,29.507532973186677,-2.3066794258458203,-0.08480172954246579,-4.211795760734202,-0.6004196304325471,0.9950998999984909,0.9857894976316335,0.9949463072489492,0.9627993729495323,1.0,1.0,1.0,1.0,load,1
task_1,svm_gaussian_10,ll,conn_matched,200,24.237480983730453,28.544388988077664,-4.306908004347206,-0.17769618910637794,-6.905273740551675,-1.8614636967651932,0.999609664450414,0.9923861617620119,0.9999580325215043,0.9790640921904964,1.0,1.0,1.0,1.0,load,1
task_0,linear,ll,conn,200,22.944242589521238,28.275892939011072,-5.331650349489841,-0.23237421451971726,-9.366684048796703,-1.3888071262198138,0.9950217727435877,0.9908878547585597,0.9955987273047608,0.9894352083819321,1.0,1.0,1.0,1.0,load,1
task_0,ridge,ll,conn,200,22.937636089326425,23.482192435680535,-0.5445563463541095,-0.0237407352803678,-1.9962903724251777,0.9049784025316446,0.7666009641230669,0.7771509060572086,0.7432019938328027,0.697124353603362,1.0,1.0,1.0,1.0,load,1
task_0,bagged_trees,ll,conn,200,25.45310650025007,24.08168283863102,1.3714236616190476,0.05388040401298654,-0.24229158080317867,3.096689452691498,0.06107197183208463,0.17782938313984759,0.08415229359745693,0.10545506421758157,0.12214394366416927,0.35565876627969517,0.16830458719491387,0.21091012843516313,load,1
task_0,svm_gaussian_10,ll,conn,200,23.13283738270457,25.992202064765646,-2.859364682061078,-0.1236063105773139,-4.9878563336040225,-0.8107709422302901,0.995881525549553,0.9960642284758325,0.9976421328041314,0.9612618296837006,1.0,1.0,1.0,1.0,load,1
task_1,linear,ll,conn,200,23.315481564399825,29.47533036233005,-6.159848797930222,-0.26419564961230024,-9.683574234176502,-2.70293816652204,0.9996515623393927,0.9967575526995526,0.9999948297158525,0.9288180696053073,1.0,1.0,1.0,1.0,load,1
task_1,ridge,ll,conn,200,23.341214173144426,26.87341355152067,-3.5321993783762395,-0.15132886199383164,-5.804770338848035,-1.3384478574429277,0.9988802392167123,0.9835317903407469,0.9998705751624957,0.9843271430217362,1.0,1.0,1.0,1.0,load,1
task_1,bagged_trees,ll,conn,200,27.200853547340856,27.243168591016616,-0.042315043675756454,-0.001555651318151123,-2.1226671878466368,2.050586927467294,0.5158697584074289,0.6044093448910927,0.5115379458416339,0.5110760399980687,0.5158697584074289,0.6044093448910927,0.5115379458416339,0.5110760399980687,load,1
task_1,svm_gaussian_10,ll,conn,200,24.237480983730453,28.26356852785906,-4.026087544128609,-0.16610998258569623,-6.345436528978112,-1.9547081149901695,0.9997298390199783,0.9990496758002585,0.9999964804350628,0.9964073266888959,1.0,1.0,1.0,1.0,load,1
task_0,linear,ll,ll+conn,200,22.944242589521238,29.45106548040877,-6.506822890887536,-0.2835928388352744,-10.560429527973668,-2.572752677023443,0.9993749256109236,0.9995655274036502,0.9990884830931626,0.9973054714285433,1.0,1.0,1.0,1.0,load,1
task_0,ridge,ll,ll+conn,200,22.937636089326425,23.499358552528587,-0.5617224632021645,-0.024489117405762265,-1.9062953939371587,0.8007405753896022,0.7882416230207332,0.7450174057782973,0.7580988890241357,0.7163271983208386,1.0,1.0,1.0,1.0,load,1
task_0,bagged_trees,ll,ll+conn,200,25.45310650025007,24.40895053894867,1.0441559613013978,0.04102273179468837,-0.6408992182262448,2.744378732587562,0.1242733120216836,0.3471985916009348,0.15171962970776814,0.23093082990335764,0.1707482405794641,0.3471985916009348,0.15171962970776814,0.42604215305101334,load,1
task_0,svm_gaussian_10,ll,ll+conn,200,23.13283738270457,26.183581792356254,-3.0507444096516876,-0.1318793868292438,-5.089303023570559,-1.0316390143437324,0.9980477118441574,0.997542039758975,0.9987922841098693,0.9723745589061223,1.0,1.0,1.0,1.0,load,1
task_1,linear,ll,ll+conn,200,23.315481564399825,27.207959042851034,-3.89247747845121,-0.16694819138518652,-6.473075841252624,-1.2785041524271277,0.9982738196775663,0.9881573369768908,0.9996912356188905,0.8474707847448048,1.0,1.0,1.0,1.0,load,1
task_1,ridge,ll,ll+conn,200,23.341214173144426,25.23015894800098,-1.8889447748565504,-0.08092744279900843,-3.576870436570372,-0.3134660569598608,0.9873155211312863,0.9392365035960151,0.9981783838818895,0.8912051426457971,1.0,1.0,1.0,1.0,load,1
task_1,bagged_trees,ll,ll+conn,200,27.200853547340856,26.033219744519965,1.1676338028208928,0.04292636629173132,-0.513099511495211,2.7978269222523204,0.08537412028973206,0.1358026283812847,0.04649277702759035,0.21302107652550667,0.1707482405794641,0.2716052567625694,0.0929855540551807,0.42604215305101334,load,1
task_1,svm_gaussian_10,ll,ll+conn,200,24.237480983730453,26.69715060060291,-2.459669616872459,-0.10148206484508544,-4.3753155204107035,-0.679428426265967,0.9933044289967115,0.9978162199860241,0.9995547537431777,0.9494892659627249,1.0,1.0,1.0,1.0,load,1
task_0,linear,ll,"stack(ll,conn)",200,22.944242589521238,22.85046767781706,0.09377491170417464,0.0040870781128770906,-0.615269515943042,0.809497794477904,0.39642375957754505,0.4480624018009504,0.4175353189633035,0.4187065455267465,0.7928475191550901,0.8961248036019008,0.835070637926607,0.837413091053493,load,1
task_0,ridge,ll,"stack(ll,conn)",200,22.937636089326425,23.010327434922065,-0.0726913455956452,-0.0031690861827505705,-0.5139062810064837,0.3689545809750269,0.6268417314136951,0.44902784750224256,0.6039786178978268,0.6121910241298475,1.0,0.8980556950044851,1.0,1.0,load,1
task_0,bagged_trees,ll,"stack(ll,conn)",200,25.45310650025007,24.015400929402666,1.4377055708474038,0.05648448337075393,-0.027298775100337493,3.0442362666330407,0.03764748386910987,0.3755291389361213,0.04267532176600842,0.07570410743288604,0.07529496773821974,0.7510582778722426,0.08535064353201684,0.15140821486577208,load,1
task_0,svm_gaussian_10,ll,"stack(ll,conn)",200,23.13283738270457,23.186713392682385,-0.05387600997781623,-0.0023289840794928607,-0.9447370371217727,0.7856502412211179,0.5489374192765033,0.32057016872350086,0.6571356091346392,0.5361724028956725,0.6704892907504749,0.6411403374470017,0.6945145380533007,0.5628816220297975,load,1
task_1,linear,ll,"stack(ll,conn)",200,23.315481564399825,24.02097308582302,-0.7054915214231944,-0.03025850096531578,-1.7711231913414005,0.3917725708966341,0.9082472899316283,0.5793019063992293,0.9269102123275327,0.7590574593399045,0.9082472899316283,0.8961248036019008,0.9269102123275327,0.837413091053493,load,1
task_1,ridge,ll,"stack(ll,conn)",200,23.341214173144426,23.48867087018492,-0.14745669704049086,-0.006317439013526096,-0.9602075089789269,0.730951400600786,0.6314223058935264,0.8636646579173668,0.655338015967374,0.5908422636897562,1.0,0.8980556950044851,1.0,1.0,load,1
task_1,bagged_trees,ll,"stack(ll,conn)",200,27.200853547340856,27.78263643553798,-0.5817828881971195,-0.021388405594867606,-1.6882354272219726,0.5797802276664038,0.8482841701413488,0.9100344214854501,0.8707466030733799,0.7480523830690624,0.8482841701413488,0.9100344214854501,0.8707466030733799,0.7480523830690624,load,1
task_1,svm_gaussian_10,ll,"stack(ll,conn)",200,24.237480983730453,24.049098408859255,0.18838257487119725,0.007772366072103373,-0.6358953544332617,1.0877192419023416,0.33524464537523746,0.4059664580355374,0.34725726902665033,0.28144081101489876,0.6704892907504749,0.6411403374470017,0.6945145380533007,0.5628816220297975,load,1
task_0,linear,ll,disc,200,26.902907365583975,28.953713245558323,-2.0508058799743494,-0.07622989783616768,-8.762688326504984,3.485327503264653,0.7438895116037973,0.7993991787963937,0.9050993886250982,0.6397392406330175,1.0,1.0,1.0,1.0,load,2
task_0,ridge,ll,disc,200,26.22031335517273,27.080214741348044,-0.859901386175313,-0.03279523682754432,-3.966071746619632,1.7626653063434377,0.7202056680634888,0.9387948669783508,0.8280743382985468,0.6145782274678122,1.0,1.0,1.0,1.0,load,2
task_0,bagged_trees,ll,disc,200,26.515154608707775,25.38971142227893,1.1254431864288472,0.04244528093602906,-0.6499428325027171,2.999360131195277,0.10998337034187089,0.13447708697725114,0.10412566051650839,0.2210914979444153,0.21996674068374178,0.2689541739545023,0.20825132103301677,0.4421829958888306,load,2
task_0,svm_gaussian_10,ll,disc,200,26.237102027678585,27.48522365085757,-1.2481216231789818,-0.04757086441415243,-2.8430949415758846,0.29963103016578513,0.9356266966906875,0.9687829243619709,0.9281320637357096,0.7974677610637879,1.0,1.0,1.0,1.0,load,2
task_1,linear,ll,disc,200,22.545887642572207,24.015160171674925,-1.4692725291027162,-0.0651680941728977,-4.103093553497778,1.3666946572765912,0.8460320865937849,0.9826093059378402,0.8713264712303438,0.787193880571519,1.0,1.0,1.0,1.0,load,2
task_1,ridge,ll,disc,200,22.08733892790906,22.583962062583602,-0.4966231346745441,-0.022484516414379933,-2.5353323155456016,1.7927072215602717,0.6675497628227389,0.9903339972332853,0.6799510116885665,0.6244200787964767,1.0,1.0,1.0,1.0,load,2
task_1,bagged_trees,ll,disc,200,22.393410452308018,23.561637055316414,-1.1682266030083979,-0.052168320028626654,-3.3167463757595725,0.8524091850231901,0.8629216930003847,0.9102323473540088,0.8778340273266211,0.7378550316309305,0.8629216930003847,0.9102323473540088,0.8778340273266211,0.7378550316309305,load,2
task_1,svm_gaussian_10,ll,disc,200,21.234114223301603,22.699953779734823,-1.4658395564332198,-0.06903229119982113,-3.6034370004291563,0.599827999051428,0.9117529018694854,0.9738144442286589,0.9336194018881732,0.8562268455132143,1.0,1.0,1.0,1.0,load,2
task_0,linear,ll,conn_matched,200,26.902907365583975,28.996495741387722,-2.093588375803749,-0.07782015331480528,-6.708500237641761,3.1342688617860857,0.7922899221183444,0.9983814161303718,0.8488413596313495,0.6383673770171686,1.0,1.0,1.0,1.0,load,2
task_0,ridge,ll,conn_matched,200,26.22031335517273,29.15130563271631,-2.9309922775435746,-0.11178326657813759,-6.775051461748115,0.8961105791855476,0.9281761734336278,0.9994289796811909,0.95648372973561,0.7345095983643961,1.0,1.0,1.0,1.0,load,2
task_0,bagged_trees,ll,conn_matched,200,26.515154608707775,29.579789757274202,-3.0646351485664236,-0.11558051211815203,-5.842118525918908,-0.37992796266194745,0.9820195303425919,0.9990805699901301,0.9891335320035965,0.8308514376784735,1.0,1.0,1.0,1.0,load,2
task_0,svm_gaussian_10,ll,conn_matched,200,26.237102027678585,29.759705520517464,-3.522603492838879,-0.1342603877944577,-7.145485933705708,-0.0913036635539329,0.969274107400228,0.9983877864286185,0.9758633333259706,0.8397295207131674,1.0,1.0,1.0,1.0,load,2
task_1,linear,ll,conn_matched,200,22.545887642572207,30.435263597585475,-7.88937595501327,-0.34992527595658635,-12.70849344697213,-3.3310690458729466,0.9993505685307887,0.9998845091083538,0.9995080622802659,0.9801281338362796,1.0,1.0,1.0,1.0,load,2
task_1,ridge,ll,conn_matched,200,22.08733892790906,30.419567025860225,-8.332228097951166,-0.37724001633455045,-12.608913528167657,-4.224028388827757,0.9999282323283356,0.9999809982940935,0.999963534026317,0.9932040505485571,1.0,1.0,1.0,1.0,load,2
task_1,bagged_trees,ll,conn_matched,200,22.393410452308018,31.32530102619402,-8.931890573886003,-0.3988624507601709,-12.935767714676548,-5.017453346245395,0.9999878487515484,0.999911435557516,0.9999998373955893,0.9883823897803983,1.0,1.0,1.0,1.0,load,2
task_1,svm_gaussian_10,ll,conn_matched,200,21.234114223301603,31.321382691790472,-10.087268468488869,-0.47505011805104824,-15.153979820497181,-5.432355728774729,0.9999619540714016,0.9999313637848549,0.9999986456068803,0.9987654694969892,1.0,1.0,1.0,1.0,load,2
task_0,linear,ll,conn,200,26.902907365583975,33.22135879600515,-6.318451430421178,-0.23486128634945122,-11.941275630161996,-1.4268654811555839,0.987113483942524,0.9642423482167163,0.9999211659921481,0.9119297233434369,1.0,1.0,1.0,1.0,load,2
task_0,ridge,ll,conn,200,26.22031335517273,28.273650942601936,-2.0533375874292004,-0.07831094768454089,-4.678758523503749,0.39146574326551126,0.941797768748231,0.9859212910619917,0.9899116637755935,0.8767458604776416,1.0,1.0,1.0,1.0,load,2
task_0,bagged_trees,ll,conn,200,26.515154608707775,27.134684960437635,-0.6195303517298614,-0.02336514196777125,-2.2876145818439833,1.0317082745312225,0.7638328865396297,0.7160136155445025,0.7593326111106856,0.6634551028592939,1.0,1.0,1.0,1.0,load,2
task_0,svm_gaussian_10,ll,conn,200,26.237102027678585,28.217240312216127,-1.9801382845375413,-0.07547092214866614,-4.5064128019871115,0.010110605558096362,0.9584781974737367,0.7778781330629414,0.9880597160802357,0.83094180047759,1.0,1.0,1.0,1.0,load,2
task_1,linear,ll,conn,200,22.545887642572207,43.35980230033591,-20.8139146577637,-0.9231800933160815,-31.014564099978994,-12.136580378614108,0.9999786452482881,0.9999992941041738,0.9999999999987216,0.9850429300571841,1.0,1.0,1.0,1.0,load,2
task_1,ridge,ll,conn,200,22.08733892790906,22.720313164248456,-0.6329742363393955,-0.02865778618263442,-2.3916342898561744,1.2138401350423336,0.749678874725306,0.9802254236649545,0.7712134860116413,0.6967161556575018,1.0,1.0,1.0,1.0,load,2
task_1,bagged_trees,ll,conn,200,22.393410452308018,24.867158736770662,-2.473748284462644,-0.11046768823940717,-5.071853340907269,-0.26895236625696833,0.9791464352095328,0.9813109615487844,0.9928259440428187,0.8853104458369494,1.0,1.0,1.0,1.0,load,2
task_1,svm_gaussian_10,ll,conn,200,21.234114223301603,22.01691856214342,-0.7828043388418107,-0.03686541056573895,-2.4140739483614038,0.7777492444301791,0.8249856327093577,0.9707054296694553,0.8154407811058053,0.714658848733764,1.0,1.0,1.0,1.0,load,2
task_0,linear,ll,ll+conn,200,26.902907365583975,34.13397208025774,-7.231064714673769,-0.2687837643869018,-11.481759489737748,-3.37040360694176,0.9996300168690191,0.9994577124688185,0.9999880903957865,0.9579089772256304,1.0,1.0,1.0,1.0,load,2
task_0,ridge,ll,ll+conn,200,26.22031335517273,27.753357102911504,-1.5330437477387744,-0.05846778896089494,-3.536708925856146,0.2797464214780347,0.9403325783013877,0.9757530838876445,0.9875436773434156,0.9223710401013553,1.0,1.0,1.0,1.0,load,2
task_0,bagged_trees,ll,ll+conn,200,26.515154608707775,26.77854549248004,-0.2633908837722646,-0.00993359788615998,-1.7657806376455134,1.2717429958185082,0.6326343574917184,0.5658991532633757,0.6358519109119773,0.5727195368461084,1.0,1.0,1.0,1.0,load,2
task_0,svm_gaussian_10,ll,ll+conn,200,26.237102027678585,27.8675756701805,-1.6304736425019153,-0.062143816065580046,-3.9158015094184724,0.257779450302315,0.9330186041579471,0.6613235479364171,0.9749437178800537,0.7828203097327475,1.0,1.0,1.0,1.0,load,2
task_1,linear,ll,ll+conn,200,22.545887642572207,70.08369278301454,-47.53780514044232,-2.108491175600432,-72.14266526269407,-27.012295476703375,0.9999647616037223,0.9999990017735719,1.0,0.9816193371720295,1.0,1.0,1.0,1.0,load,2
task_1,ridge,ll,ll+conn,200,22.08733892790906,22.79069870535869,-0.7033597774496323,-0.03184447794935056,-2.2287823927693156,0.8330291032955937,0.8158505083213636,0.9837309997527063,0.8326537105560974,0.7438390966533373,1.0,1.0,1.0,1.0,load,2
task_1,bagged_trees,ll,ll+conn,200,22.393410452308018,23.718265665612858,-1.3248552133048395,-0.05916272629068391,-3.0278926080353816,0.3246195214181465,0.941214618253678,0.9162085983601195,0.9586645426122516,0.8271572811659621,1.0,1.0,1.0,1.0,load,2
task_1,svm_gaussian_10,ll,ll+conn,200,21.234114223301603,22.071003970899373,-0.836889747597769,-0.0394125103970381,-2.3837018023445697,0.629990608513565,0.8551942871265936,0.9770438352692888,0.8369591585214455,0.7210623866273749,1.0,1.0,1.0,1.0,load,2
task_0,linear,ll,"stack(ll,conn)",200,26.902907365583975,26.525087808496146,0.3778195570878294,0.014043818831683664,-1.0469983879527966,1.9326670704970805,0.31227399646395976,0.7047442853943905,0.26655134412816167,0.4125622056397242,0.6245479929279195,1.0,0.5331026882563233,0.8251244112794484,load,2
task_0,ridge,ll,"stack(ll,conn)",200,26.22031335517273,26.21842058879136,0.001892766381372617,7.218702369166054e-05,-1.0124610776467082,0.994757633883303,0.498590862086514,0.753560086897739,0.5089502312672096,0.4992855745112611,0.997181724173028,1.0,1.0,0.9985711490225222,load,2
task_0,bagged_trees,ll,"stack(ll,conn)",200,26.515154608707775,26.951257009540228,-0.436102400832451,-0.016447288626755045,-1.7180309936785563,0.7711560323878272,0.7517736002811015,0.12519547567248568,0.7863105623279697,0.6154266394776096,0.8843883581242344,0.25039095134497136,0.8773195961763713,0.8925383737217611,load,2
task_0,svm_gaussian_10,ll,"stack(ll,conn)",200,26.237102027678585,27.07923376959319,-0.8421317419146024,-0.03209698010954881,-2.1387033417979397,0.26034554843322605,0.9174337761386495,0.7339249192295272,0.9713045825541206,0.8020410734066852,1.0,0.7339249192295272,1.0,1.0,load,2
task_1,linear,ll,"stack(ll,conn)",200,22.545887642572207,22.610902297679498,-0.06501465510728938,-0.0028836591460930394,-1.566855533583864,1.4618851314407217,0.533654016349848,0.7608125897550686,0.5443186522294557,0.5187638639217765,0.6245479929279195,1.0,0.5443186522294557,0.8251244112794484,load,2
task_1,ridge,ll,"stack(ll,conn)",200,22.08733892790906,22.283605258416745,-0.19626633050768943,-0.008885920171202325,-1.0180843828655808,0.6910843966679464,0.6694850293307588,0.9092394745337059,0.707255300635834,0.5760583951785232,0.997181724173028,1.0,1.0,0.9985711490225222,load,2
task_1,bagged_trees,ll,"stack(ll,conn)",200,22.393410452308018,22.32078179716518,0.07262865514283899,0.0032433047792125554,-0.8438209264915759,1.0619804051723016,0.4421941790621172,0.5812094804846345,0.43865979808818567,0.4462691868608806,0.8843883581242344,0.5812094804846345,0.8773195961763713,0.8925383737217611,load,2
task_1,svm_gaussian_10,ll,"stack(ll,conn)",200,21.234114223301603,21.378988100532244,-0.14487387723064102,-0.0068226946368999605,-0.5134686311494056,0.22522584350183353,0.7685602896813762,0.23843083241170787,0.7421737262324071,0.7168638388485369,1.0,0.47686166482341574,1.0,1.0,load,2
task_0,linear,ll,disc,200,29.544488989513813,35.49136970600044,-5.946880716486628,-0.20128561772035886,-10.935005624527019,-1.292682012287841,0.9929918231766621,0.9810303294629851,0.9990411409803193,0.891728379901984,1.0,1.0,1.0,1.0,disconnection,0
task_0,ridge,ll,disc,200,29.515945230658534,33.188941660316495,-3.6729964296579625,-0.12444109111040025,-7.36338275993477,-0.13364245626974647,0.9764478818079244,0.9754737181806891,0.9884392450881552,0.8879465370293047,1.0,1.0,1.0,1.0,disconnection,0
task_0,bagged_trees,ll,disc,200,34.95172430351041,34.763534268722715,0.18819003478769786,0.0053842847109204514,-2.8678217132429498,2.943731321531566,0.44904694380866894,0.25498259422170266,0.4495947592556934,0.4542023307481779,0.5980222058328685,0.36269228549499855,0.553392038233844,0.7519604757032541,disconnection,0
task_0,svm_gaussian_10,ll,disc,200,30.81647830958242,33.932669909189464,-3.1161915996070504,-0.10112095120999168,-6.650550744826398,0.29419781865963485,0.9637714897389447,0.7527898690287632,0.9715756390738879,0.8535700696721295,1.0,1.0,1.0,1.0,disconnection,0
task_1,linear,ll,disc,200,28.425128526317465,34.085404220763486,-5.66027569444602,-0.19912929115537478,-10.177287089665214,-1.3851738825829605,0.9934847478358493,0.9960784527699947,0.999045416169053,0.9696150290821012,1.0,1.0,1.0,1.0,disconnection,0
task_1,ridge,ll,disc,200,28.5947890139428,33.41921883615985,-4.824429822217048,-0.16871709806512852,-8.670432979800356,-1.1939393633452158,0.9927006504106451,0.9948563239586833,0.9992552204428145,0.9683661944102888,1.0,1.0,1.0,1.0,disconnection,0
task_1,bagged_trees,ll,disc,200,34.583794951431926,33.60381819933968,0.9799767520922446,0.02833629893620651,-2.5444896068572316,4.799885881764985,0.29901110291643423,0.18134614274749927,0.276696019116922,0.37598023785162704,0.5980222058328685,0.36269228549499855,0.553392038233844,0.7519604757032541,disconnection,0
task_1,svm_gaussian_10,ll,disc,200,28.61709577157748,31.092559062308272,-2.475463290730799,-0.08650295300718219,-6.005324781820563,1.0491990966888782,0.9115814498244774,0.9950694166776718,0.965313621105869,0.869214651086656,1.0,1.0,1.0,1.0,disconnection,0
task_0,linear,ll,conn_matched,200,29.544488989513813,48.07602306925966,-18.531534079745846,-0.6272416519481254,-27.103578051658296,-11.059202380089728,0.9999949496060909,0.9999892460327039,0.9999999364942075,0.9917621646821914,1.0,1.0,1.0,1.0,disconnection,0
task_0,ridge,ll,conn_matched,200,29.515945230658534,48.0710787316176,-18.55513350095906,-0.6286477819346825,-26.767867571124157,-11.340450247578307,0.9999977266183472,0.9999978124764765,0.9999999906290534,0.9946629695735636,1.0,1.0,1.0,1.0,disconnection,0
task_0,bagged_trees,ll,conn_matched,200,34.95172430351041,49.20642356632112,-14.254699262810714,-0.40783965732354527,-21.780156129923245,-7.420709554670897,0.9999533760029805,0.9999596597850101,0.9999983806903309,0.9893173282726959,1.0,1.0,1.0,1.0,disconnection,0
task_0,svm_gaussian_10,ll,conn_matched,200,30.81647830958242,49.10430297973225,-18.28782467014984,-0.5934430432455748,-27.046449262804156,-10.5064882186713,0.9999837350273642,0.9998883194318284,0.9999999688238815,0.9913483653461999,1.0,1.0,1.0,1.0,disconnection,0
task_1,linear,ll,conn_matched,200,28.425128526317465,49.31593028001735,-20.890801753699872,-0.734941329618196,-31.47455896244389,-11.688454747187768,0.9999802023369415,0.99998649929107,0.9999999957310376,0.9717301731351268,1.0,1.0,1.0,1.0,disconnection,0
task_1,ridge,ll,conn_matched,200,28.5947890139428,49.215463255006505,-20.620674241063707,-0.7211339881196214,-30.665660071090493,-11.839772086057094,0.9999851957980431,0.9999967172453705,0.999999999227409,0.97314260678463,1.0,1.0,1.0,1.0,disconnection,0
task_1,bagged_trees,ll,conn_matched,200,34.583794951431926,48.234554360816574,-13.650759409384653,-0.394715485346684,-21.786503779522935,-6.318420539750192,0.9997827626857635,0.9999823583768106,0.9999998546685819,0.9620274867321127,1.0,1.0,1.0,1.0,disconnection,0
task_1,svm_gaussian_10,ll,conn_matched,200,28.61709577157748,49.15107479188645,-20.533979020308976,-0.7175423804082642,-31.092500103338203,-11.202631935156415,0.9999671784534855,0.9995175401981562,0.9999999994160298,0.9705442930737652,1.0,1.0,1.0,1.0,disconnection,0
task_0,linear,ll,conn,200,29.544488989513813,48.43830020054901,-18.893811211035196,-0.6395037401980841,-31.57496840498409,-8.65496561559078,0.9992836729919856,0.9963667159860758,0.9999988742065211,0.9899120033060274,1.0,1.0,1.0,1.0,disconnection,0
task_0,ridge,ll,conn,200,29.515945230658534,31.154763745363788,-1.6388185147052625,-0.05552315881800065,-3.903113085465668,0.6411780838899364,0.921422730907696,0.89402732970658,0.9020597697044108,0.8091530097701674,1.0,1.0,1.0,1.0,disconnection,0
task_0,bagged_trees,ll,conn,200,34.95172430351041,33.26694928172202,1.684775021788393,0.048202915746253495,-1.2634983927717962,4.70579620965417,0.1329465645604986,0.10664426726652915,0.12260245103911928,0.2790203636715405,0.2658931291209972,0.2132885345330583,0.23041396808996367,0.558040727343081,disconnection,0
task_0,svm_gaussian_10,ll,conn,200,30.81647830958242,33.96190982379162,-3.1454315142092053,-0.10206979144762073,-6.465980966728577,-0.11467761549447969,0.97186391291646,0.9861386062375851,0.9809557751986336,0.8600373092331656,1.0,1.0,1.0,1.0,disconnection,0
task_1,linear,ll,conn,200,28.425128526317465,38.376587710311085,-9.951459183993615,-0.35009372692123575,-19.86655325480937,-2.8705115168155944,0.9874653621149676,0.9098361715039589,0.9998032320046706,0.9201356813721974,1.0,1.0,1.0,1.0,disconnection,0
task_1,ridge,ll,conn,200,28.5947890139428,28.92344764702133,-0.32865863307853155,-0.011493654767596914,-2.8720659323118536,2.273553359209904,0.5975030023149474,0.524809638029457,0.6044246272271321,0.5770444327356963,1.0,1.0,1.0,1.0,disconnection,0
task_1,bagged_trees,ll,conn,200,34.583794951431926,32.84555083093228,1.7382441204996426,0.05026180969846605,-1.1852043590354455,4.981484080515329,0.14040666020747078,0.146728860560768,0.11520698404498184,0.2844836725977254,0.2658931291209972,0.2132885345330583,0.23041396808996367,0.558040727343081,disconnection,0
task_1,svm_gaussian_10,ll,conn,200,28.61709577157748,29.448609942658376,-0.8315141710809015,-0.029056553387460164,-4.02336876535893,2.579829353723556,0.6894845917077397,0.5009735539841953,0.7249351607949945,0.6111133504264918,1.0,1.0,1.0,1.0,disconnection,0
task_0,linear,ll,ll+conn,200,29.544488989513813,50.619071196151765,-21.074582206637945,-0.7133168630575374,-35.55285430556508,-9.92115555508374,0.9992434505803985,0.9999399633438187,0.9999999194543454,0.9795929713156274,1.0,1.0,1.0,1.0,disconnection,0
task_0,ridge,ll,ll+conn,200,29.515945230658534,30.97501512117275,-1.4590698905142192,-0.049433276797067216,-3.5417944607159444,0.601299380489835,0.9170965928296247,0.8041558030463591,0.9031477632496108,0.8310716149453892,0.9170965928296247,0.87781360640158,0.9031477632496108,0.855873120852507,disconnection,0
task_0,bagged_trees,ll,ll+conn,200,34.95172430351041,32.66252413847484,2.2892001650355702,0.06549605808162237,-0.23309421438950453,5.028975726903188,0.03880367321111071,0.07652809071270429,0.032161950753990545,0.1577078170415812,0.07760734642222142,0.1321467707923551,0.048547403583360585,0.3154156340831624,disconnection,0
task_0,svm_gaussian_10,ll,ll+conn,200,30.81647830958242,34.20392674614508,-3.3874484365626656,-0.10992328203542112,-6.675098470895736,-0.4469589189880204,0.9817518257768197,0.9890321548921939,0.9888487977710367,0.8889164396376776,1.0,1.0,1.0,1.0,disconnection,0
task_1,linear,ll,ll+conn,200,28.425128526317465,40.599177863562446,-12.174049337244986,-0.4282847595912756,-21.738541767502824,-5.212231557412223,0.9976489423434358,0.9865645708833125,0.9999749343181309,0.9565503815729829,1.0,1.0,1.0,1.0,disconnection,0
task_1,ridge,ll,ll+conn,200,28.5947890139428,28.297517655672667,0.2972713582701305,0.010395997610794792,-1.904235176958765,2.806408707386881,0.4009060969739246,0.43890680320079,0.3959476013425031,0.4279365604262535,0.8018121939478492,0.87781360640158,0.7918952026850062,0.855873120852507,disconnection,0
task_1,bagged_trees,ll,ll+conn,200,34.583794951431926,31.96181769808857,2.62197725334335,0.07581519775448438,-0.09820129804493634,5.873323236909851,0.047752623836626505,0.06607338539617755,0.024273701791680292,0.18588429615092547,0.07760734642222142,0.1321467707923551,0.048547403583360585,0.3154156340831624,disconnection,0
task_1,svm_gaussian_10,ll,ll+conn,200,28.61709577157748,29.503265634071877,-0.8861698624944012,-0.03096644990001207,-3.79183219338039,2.215978057545768,0.7204761032799616,0.5330629282191555,0.7542353384185425,0.6327171099362618,1.0,1.0,1.0,1.0,disconnection,0
task_0,linear,ll,"stack(ll,conn)",200,29.544488989513813,29.785111186657396,-0.2406221971435811,-0.008144402065271287,-1.2096059322353603,0.7113684266697607,0.6820245153514797,0.40312980338097515,0.6649065203996976,0.6482953999437313,1.0,0.8062596067619503,1.0,1.0,disconnection,0
task_0,ridge,ll,"stack(ll,conn)",200,29.515945230658534,29.795015164442926,-0.27906993378439543,-0.00945488723479953,-0.9899646255537593,0.3734499276236172,0.7790220502316647,0.5034074008972423,0.8058490621498253,0.7799615598358229,0.7790220502316647,0.5034074008972423,0.8058490621498253,0.7799615598358229,disconnection,0
task_0,bagged_trees,ll,"stack(ll,conn)",200,34.95172430351041,32.74377687029603,2.2079474332143825,0.06317134496831177,-0.5079964654852575,5.007325684561935,0.05652926482243634,0.23767556682630403,0.05079310412060709,0.15952081571025822,0.11305852964487267,0.3369173652079348,0.10158620824121418,0.31904163142051645,disconnection,0
task_0,svm_gaussian_10,ll,"stack(ll,conn)",200,30.81647830958242,30.93299548196225,-0.11651717237983221,-0.00378100220308435,-1.155574806421164,0.9631797163987488,0.5839679343292771,0.47956429137954604,0.5900595469903149,0.564579238574835,1.0,0.8442599995572255,1.0,1.0,disconnection,0
task_1,linear,ll,"stack(ll,conn)",200,28.425128526317465,29.26616656961529,-0.8410380432978215,-0.02958783607677076,-2.057049187502691,0.27364211547125783,0.9190309723687793,0.9031105870862004,0.9300955891539947,0.7773647614092878,1.0,0.9031105870862004,1.0,1.0,disconnection,0
task_1,ridge,ll,"stack(ll,conn)",200,28.5947890139428,28.299276995922117,0.29551201802068455,0.010334471007168233,-0.7053081958841817,1.4274979831961585,0.29506165384165245,0.18425564958017765,0.2752688387597432,0.30538226170139865,0.5901233076833049,0.3685112991603553,0.5505376775194863,0.6107645234027973,disconnection,0
task_1,bagged_trees,ll,"stack(ll,conn)",200,34.583794951431926,32.92010330632525,1.6636916451066646,0.04810610424457713,-1.5292654513141724,5.055787358171061,0.1593304476095372,0.1684586826039674,0.13011981026166117,0.3295481698799654,0.1593304476095372,0.3369173652079348,0.13011981026166117,0.3295481698799654,disconnection,0
task_1,svm_gaussian_10,ll,"stack(ll,conn)",200,28.61709577157748,29.12880517687996,-0.5117094053024811,-0.017881248655941925,-2.2837076172280755,1.1983714447426,0.7240832839928921,0.42212999977861276,0.7838074354116341,0.6127174405087957,1.0,0.8442599995572255,1.0,1.0,disconnection,0
task_0,linear,ll,disc,200,32.26932443582566,28.337503432596485,3.931821003229178,0.12184392056451109,0.1624299242253057,7.741302260159713,0.020472367162462743,0.004447743326482982,0.014729837759475188,0.010746581530022486,0.040944734324925486,0.008895486652965964,0.029459675518950377,0.02149316306004497,disconnection,1
task_0,ridge,ll,disc,200,32.18536542746389,28.110537103594133,4.074828323869758,0.12660500416107415,1.2643737725344144,6.924162417830199,0.002352282413917723,0.0009347598641439376,0.0011537883439036681,0.001064376871001053,0.004704564827835446,0.0018695197282878751,0.0023075766878073362,0.002128753742002106,disconnection,1
task_0,bagged_trees,ll,disc,200,32.04394845716386,29.790273079252746,2.2536753779111094,0.07033076404188479,-0.729756073096449,5.217080694821474,0.07714973588073755,0.029213264812925476,0.05946863222567629,0.0696817841951232,0.1542994717614751,0.05842652962585095,0.11893726445135258,0.1393635683902464,disconnection,1
task_0,svm_gaussian_10,ll,disc,200,33.358330732100185,27.979404094944087,5.37892663715609,0.16124687654049893,2.1235855114319784,8.822004378903532,0.0012471369120183352,0.0007750911416327646,0.00044760648826738537,0.003715744898876029,0.0024942738240366705,0.0015501822832655293,0.0008952129765347707,0.007431489797752058,disconnection,1
task_1,linear,ll,disc,200,31.602658387822267,32.01561182295919,-0.41295343513691835,-0.013067047400545435,-2.97946240231863,2.2651644616727187,0.6188321933910335,0.7793647174192776,0.6177969701403925,0.5763876374540267,0.6188321933910335,0.7793647174192776,0.6177969701403925,0.5763876374540267,disconnection,1
task_1,ridge,ll,disc,200,31.071250525815696,31.683722590665585,-0.6124720648498889,-0.019711857568816344,-2.8593289093061998,1.6028257799263628,0.7021564879419602,0.8075384443742449,0.703887581024391,0.6397124913634598,0.7021564879419602,0.8075384443742449,0.703887581024391,0.6397124913634598,disconnection,1
task_1,bagged_trees,ll,disc,200,32.63064919632004,32.99152936040503,-0.36088016408498047,-0.011059545947546736,-1.733323952205046,1.1722360066394282,0.688577446191907,0.8112441355265365,0.6748683938557188,0.6378858116600689,0.688577446191907,0.8112441355265365,0.6748683938557188,0.6378858116600689,disconnection,1
task_1,svm_gaussian_10,ll,disc,200,30.90966574074846,31.547067422713,-0.637401681964537,-0.02062143561534039,-2.7775003796186426,1.5338467079926423,0.7113010512971576,0.6132947544827471,0.7106882538260236,0.6508924983570747,0.7113010512971576,0.6132947544827471,0.7106882538260236,0.6508924983570747,disconnection,1
task_0,linear,ll,conn_matched,200,32.26932443582566,31.448272065584906,0.8210523702407503,0.025443742148168788,-0.6895774237544313,2.388157277663593,0.14818884685917058,0.42069809360077065,0.16173957025491265,0.29264940128065176,0.29637769371834116,0.8413961872015413,0.3234791405098253,0.5852988025613035,disconnection,1
task_0,ridge,ll,conn_matched,200,32.18536542746389,31.512000665574515,0.6733647618893783,0.02092145771676694,-0.6599571193551644,2.0816318527436355,0.17125750718217558,0.47033396758681656,0.1752697643411091,0.2846286843821139,0.34251501436435117,0.9406679351736331,0.3505395286822182,0.5692573687642278,disconnection,1
task_0,bagged_trees,ll,conn_matched,200,32.04394845716386,31.862146032738337,0.18180242442551744,0.005673533792770568,-0.9537649111214881,1.3913252066331814,0.38284942012569567,0.43170147049928764,0.39807532507991417,0.42164402633792,0.6728726441346192,0.8634029409985753,0.6759451413762316,0.84328805267584,disconnection,1
task_0,svm_gaussian_10,ll,conn_matched,200,33.358330732100185,31.640919979085,1.7174107530151832,0.051483713822722744,0.014373195285568746,3.4161577766998885,0.02271110267095672,0.06003297813723955,0.020751830835666858,0.19637052372348243,0.04542220534191344,0.1200659562744791,0.041503661671333715,0.39274104744696486,disconnection,1
task_1,linear,ll,conn_matched,200,31.602658387822267,31.875163290437175,-0.27250490261491,-0.008622847460197106,-2.62295715472395,2.1477998344203884,0.5878068399205842,0.8466543959451808,0.5974146338689095,0.5688726189112223,0.5878068399205842,0.8466543959451808,0.5974146338689095,0.5852988025613035,disconnection,1
task_1,ridge,ll,conn_matched,200,31.071250525815696,31.757712849626678,-0.6864623238109832,-0.022093166904905634,-2.7994288863325467,1.3829454887401158,0.7408907526809716,0.878738415245941,0.7728153525401781,0.6852179964191127,0.7408907526809716,0.9406679351736331,0.7728153525401781,0.6852179964191127,disconnection,1
task_1,bagged_trees,ll,conn_matched,200,32.63064919632004,32.36006060990368,0.27058858641637085,0.008292467146099158,-0.9150468207217973,1.6130740278766278,0.3364363220673096,0.4552369344696214,0.3379725706881158,0.42499770489242594,0.6728726441346192,0.8634029409985753,0.6759451413762316,0.84328805267584,disconnection,1
task_1,svm_gaussian_10,ll,conn_matched,200,30.90966574074846,31.439264426342888,-0.5295986855944326,-0.017133756477225776,-2.6813790712894443,1.7769454482318918,0.6800587531729503,0.8466543959451808,0.6998133414211049,0.624286326069838,0.6800587531729503,0.8466543959451808,0.6998133414211049,0.624286326069838,disconnection,1
task_0,linear,ll,conn,200,32.26932443582566,30.222933411053035,2.046391024772622,0.06341598594176649,-0.4336388874957836,4.7124962502367636,0.06416979675600154,0.17498425836330656,0.1170164399803165,0.03344704342584862,0.12833959351200308,0.3499685167266131,0.234032879960633,0.06689408685169725,disconnection,1
task_0,ridge,ll,conn,200,32.18536542746389,30.173267535928243,2.01209789153565,0.06251592501164269,-0.03937084399627369,4.121083494216832,0.030797785537990275,0.02269193313458295,0.05519990459824661,0.09387904133555999,0.06159557107598055,0.0453838662691659,0.11039980919649323,0.18775808267111999,disconnection,1
task_0,bagged_trees,ll,conn,200,32.04394845716386,30.18125695900476,1.8626914981590974,0.05812927519369629,-0.9391064145915548,4.765509448329216,0.1004754385936671,0.23805303544919942,0.08238630844212166,0.05771285736547842,0.2009508771873342,0.47610607089839885,0.16477261688424333,0.11542571473095684,disconnection,1
task_0,svm_gaussian_10,ll,conn,200,33.358330732100185,31.50566159029383,1.8526691418063514,0.05553842476966504,-1.1130560713011342,4.8103872637181855,0.10947384686038224,0.15471905337285857,0.12786743779863036,0.12812500303767782,0.21894769372076447,0.30943810674571715,0.2557348755972607,0.25625000607535564,disconnection,1
task_1,linear,ll,conn,200,31.602658387822267,35.42855925555992,-3.825900867737643,-0.12106262773171991,-7.199100628699724,-1.210326756360481,0.9936776887228137,0.9716490999764065,0.9953362954734837,0.9452369949439291,0.9936776887228137,0.9716490999764065,0.9953362954734837,0.9452369949439291,disconnection,1
task_1,ridge,ll,conn,200,31.071250525815696,34.700671358735995,-3.6294208329203013,-0.11680961568974443,-6.680601200690737,-1.3147907811703818,0.9958615775260623,0.9948918463073008,0.9977075484189801,0.9544704201424824,0.9958615775260623,0.9948918463073008,0.9977075484189801,0.9544704201424824,disconnection,1
task_1,bagged_trees,ll,conn,200,32.63064919632004,33.34926150431588,-0.7186123079958384,-0.022022617560329773,-1.8611020237572315,0.30680323181496966,0.902226717869372,0.6767193591718874,0.8623128953394883,0.7563990796850247,0.902226717869372,0.6767193591718874,0.8623128953394883,0.7563990796850247,disconnection,1
task_1,svm_gaussian_10,ll,conn,200,30.90966574074846,34.13314521867731,-3.2234794779288545,-0.10428710245414644,-6.129362349224252,-1.0117820447588486,0.9926574176062806,0.97852351169891,0.9956327338918793,0.9793085435743292,0.9926574176062806,0.97852351169891,0.9956327338918793,0.9793085435743292,disconnection,1
task_0,linear,ll,ll+conn,200,32.26932443582566,30.72757289757018,1.5417515382554807,0.047777620548629024,-1.3924680017859792,4.692381798869229,0.16380745312611733,0.41593274860350843,0.2079050351992083,0.16012719478880644,0.32761490625223466,0.8318654972070169,0.4158100703984166,0.3202543895776129,disconnection,1
task_0,ridge,ll,ll+conn,200,32.18536542746389,30.207061765572142,1.9783036618917527,0.06146593756563841,-0.05667387553243044,4.061927419220863,0.031129375246876066,0.030875422086546953,0.05388452268577496,0.07336301081300317,0.06225875049375213,0.061750844173093906,0.10776904537154992,0.14672602162600634,disconnection,1
task_0,bagged_trees,ll,ll+conn,200,32.04394845716386,29.920384889523138,2.123563567640714,0.06627034650487844,-0.7473338035328083,5.118294971543001,0.07885701081175178,0.2254050442594221,0.05403916519315864,0.08312153691850145,0.15771402162350356,0.4508100885188442,0.10807833038631728,0.1662430738370029,disconnection,1
task_0,svm_gaussian_10,ll,ll+conn,200,33.358330732100185,31.9654009971937,1.3929297349064784,0.041756577872347926,-1.591358998689268,4.456569825290496,0.17992551925826172,0.20577343019350225,0.1934208814631194,0.1847860740219649,0.35985103851652345,0.4115468603870045,0.3868417629262388,0.3695721480439298,disconnection,1
task_1,linear,ll,ll+conn,200,31.602658387822267,33.31106467246071,-1.708406284638439,-0.0540589422469837,-3.983659081588803,0.05935026071836465,0.9521698201767906,0.9077776407433489,0.966006687965864,0.8603870320542854,0.9521698201767906,0.9077776407433489,0.966006687965864,0.8603870320542854,disconnection,1
task_1,ridge,ll,ll+conn,200,31.071250525815696,32.38666004900077,-1.3154095231850733,-0.042335261726661404,-3.1785602948257865,0.025034947843095078,0.9484367051588296,0.9280317972049145,0.9576554437328779,0.8579106347733331,0.9484367051588296,0.9280317972049145,0.9576554437328779,0.8579106347733331,disconnection,1
task_1,bagged_trees,ll,ll+conn,200,32.63064919632004,33.08285686206425,-0.45220766574419896,-0.01385837171131726,-1.414992804248931,0.5711010491568743,0.80930947582917,0.8011756238335646,0.8230129203560206,0.8328797682179588,0.80930947582917,0.8011756238335646,0.8230129203560206,0.8328797682179588,disconnection,1
task_1,svm_gaussian_10,ll,ll+conn,200,30.90966574074846,32.40676620680149,-1.4971004660530338,-0.04843470254935155,-3.568190201222201,-0.05529621042140048,0.9536750088061646,0.9945797499377648,0.9763998314426421,0.8985863026908458,0.9536750088061646,0.9945797499377648,0.9763998314426421,0.8985863026908458,disconnection,1
task_0,linear,ll,"stack(ll,conn)",200,32.26932443582566,30.0035252732794,2.2657991625462626,0.07021526487337164,0.4243007780669067,4.237434587037894,0.01196759611421741,0.059887703144978634,0.015156049320673678,0.04694194141364029,0.02393519222843482,0.11977540628995727,0.030312098641347356,0.09388388282728058,disconnection,1
task_0,ridge,ll,"stack(ll,conn)",200,32.18536542746389,30.370856877382558,1.814508550081335,0.05637681989880432,-0.08667117001963828,3.7785990373461544,0.03209232038236736,0.07758597908200415,0.03448355293796816,0.10018194762272851,0.06418464076473472,0.1551719581640083,0.06896710587593632,0.20036389524545703,disconnection,1
task_0,bagged_trees,ll,"stack(ll,conn)",200,32.04394845716386,30.440430791552618,1.6035176656112446,0.050041201001019484,-0.39512498521768197,3.698744940217609,0.06328625025170215,0.19517031075642594,0.05790556613885487,0.0458206677377643,0.1265725005034043,0.39034062151285187,0.11581113227770974,0.0916413354755286,disconnection,1
task_0,svm_gaussian_10,ll,"stack(ll,conn)",200,33.358330732100185,30.540644718765407,2.817686013334777,0.08446723656418943,0.6696817596782276,4.950277546362475,0.005196947490201511,0.005633716218608483,0.005527424305275837,0.04862964538937563,0.010393894980403022,0.011267432437216967,0.011054848610551674,0.09725929077875126,disconnection,1
task_1,linear,ll,"stack(ll,conn)",200,31.602658387822267,31.57018334382229,0.032475043999974924,0.0010276048173367852,-1.769451345867907,1.8090673270926279,0.48579566890959586,0.5926133510993812,0.48636769152236997,0.4904068344384279,0.48579566890959586,0.5926133510993812,0.48636769152236997,0.4904068344384279,disconnection,1
task_1,ridge,ll,"stack(ll,conn)",200,31.071250525815696,31.48144416381513,-0.41019363799943187,-0.013201709974904954,-1.7810115806837385,0.7264891235965737,0.7343884360892516,0.7295012458453387,0.7341610079923492,0.6508963788499258,0.7343884360892516,0.7295012458453387,0.7341610079923492,0.6508963788499258,disconnection,1
task_1,bagged_trees,ll,"stack(ll,conn)",200,32.63064919632004,33.59878646959811,-0.9681372732780649,-0.02966956824712049,-1.8711501336174547,-0.06737968331534593,0.9811163568484711,0.9760297723152529,0.970409922772393,0.9408795135429401,0.9811163568484711,0.9760297723152529,0.970409922772393,0.9408795135429401,disconnection,1
task_1,svm_gaussian_10,ll,"stack(ll,conn)",200,30.90966574074846,31.858573277797085,-0.9489075370486253,-0.030699378796506135,-2.3297785826547797,0.21998704396386798,0.9303031833928092,0.8743009176663616,0.9243244432265786,0.8261407273965004,0.9303031833928092,0.8743009176663616,0.9243244432265786,0.8261407273965004,disconnection,1
task_0,linear,ll,disc,200,32.342342886786845,30.3894706702863,1.952872216500541,0.06038128478621653,-1.689851225925642,5.618874193514391,0.1575741147774761,0.31145561436072555,0.15942890797066378,0.29806182816944804,0.3151482295549522,0.6229112287214511,0.31885781594132756,0.5961236563388961,disconnection,2
task_0,ridge,ll,disc,200,31.952327529998666,29.85378584835433,2.0985416816443365,0.06567727123083932,-0.7276677810266725,4.8562434169891775,0.0770445626856795,0.1858845232155344,0.08171828098402596,0.21670964860613287,0.154089125371359,0.3717690464310688,0.16343656196805192,0.43341929721226574,disconnection,2
task_0,bagged_trees,ll,disc,200,34.242649898138396,32.307815374380105,1.9348345237582902,0.0565036447095608,-0.5945801528483871,4.601720432984633,0.07633777828478652,0.17279146701938436,0.09080806785795117,0.12559344735817102,0.15267555656957305,0.3455829340387687,0.18161613571590235,0.25118689471634204,disconnection,2
task_0,svm_gaussian_10,ll,disc,200,31.689627479359096,29.41095408750959,2.2786733918495092,0.07190596965312115,-0.31640352877219036,5.035130717338714,0.05379580321919087,0.1924888878353339,0.04349295423956117,0.1511472806500253,0.10759160643838174,0.3849777756706678,0.08698590847912234,0.3022945613000506,disconnection,2
task_1,linear,ll,disc,200,34.019355258232075,36.5351257794017,-2.5157705211696335,-0.07395115228002042,-7.015292190011022,1.710302192866804,0.8707621064249484,0.8028038014474901,0.8604594835030088,0.7690323485893938,0.8707621064249484,0.8028038014474901,0.8604594835030088,0.7690323485893938,disconnection,2
task_1,ridge,ll,disc,200,33.45351525885374,34.99139442931154,-1.537879170457802,-0.045970629948994375,-5.1033971729631284,1.8619726355423905,0.8048333633227852,0.6763670786748589,0.7809638501501932,0.7235410026226089,0.8048333633227852,0.6763670786748589,0.7809638501501932,0.7235410026226089,disconnection,2
task_1,bagged_trees,ll,disc,200,36.702271302667775,35.36567841150149,1.3365928911662777,0.036417171028571324,-2.3061608553373336,4.991718376355303,0.23303499546861486,0.22067148405080733,0.23228396960709294,0.2641891925325578,0.23303499546861486,0.3455829340387687,0.23228396960709294,0.2641891925325578,disconnection,2
task_1,svm_gaussian_10,ll,disc,200,34.640881682219295,35.268783088707735,-0.6279014064884348,-0.018126022664449914,-3.4919268204826013,2.1485246988548066,0.674985846422893,0.5945066650531688,0.6444397122121301,0.6184396052757273,0.674985846422893,0.5945066650531688,0.6444397122121301,0.6184396052757273,disconnection,2
task_0,linear,ll,conn_matched,200,32.342342886786845,38.22531822594753,-5.882975339160691,-0.18189700603180867,-11.638412759172796,-0.47412019949780076,0.9814242896092088,0.9821317474458442,0.9934692563690091,0.9661631817445911,1.0,1.0,1.0,1.0,disconnection,2
task_0,ridge,ll,conn_matched,200,31.952327529998666,38.26400090921683,-6.311673379218167,-0.19753407238619497,-11.1569276682076,-1.7621253822238394,0.9963853299790425,0.9958898963960029,0.9995419304512475,0.9875330922858979,1.0,1.0,1.0,1.0,disconnection,2
task_0,bagged_trees,ll,conn_matched,200,34.242649898138396,39.768487640126956,-5.525837741988562,-0.16137295911462082,-9.946451751876353,-1.3782510979741152,0.9946057998541739,0.9787781370909109,0.9986312440227049,0.9844538248250557,1.0,1.0,1.0,1.0,disconnection,2
task_0,svm_gaussian_10,ll,conn_matched,200,31.689627479359096,38.305612604270834,-6.615985124911731,-0.2087744682142769,-11.066441486483559,-2.3856087783491997,0.998436919382677,0.9989468831290735,0.9998341136796671,0.9925138183359584,1.0,1.0,1.0,1.0,disconnection,2
task_1,linear,ll,conn_matched,200,34.019355258232075,45.44191704877254,-11.422561790540469,-0.3357665571212263,-17.576403643434755,-5.254923431617283,0.9997768576882875,0.9974855073540033,0.9999164932662356,0.9956256225014013,1.0,1.0,1.0,1.0,disconnection,2
task_1,ridge,ll,conn_matched,200,33.45351525885374,45.3603560573807,-11.906840798526959,-0.3559219623526923,-18.052774000642945,-6.1952025626545915,0.9999378263582172,0.9996813899411837,0.99999666681178,0.995672624627478,1.0,1.0,1.0,1.0,disconnection,2
task_1,bagged_trees,ll,conn_matched,200,36.702271302667775,45.9796248477518,-9.277353545084031,-0.25277328121133713,-14.32760219530758,-4.366879399905142,0.9998627106945105,0.9998471866694442,0.9999924383932715,0.9932222489066029,1.0,1.0,1.0,1.0,disconnection,2
task_1,svm_gaussian_10,ll,conn_matched,200,34.640881682219295,46.422233092579205,-11.781351410359916,-0.34009964060490777,-18.248205654629405,-5.926599032044784,0.999908145664614,0.9999842264165695,0.9999999551019404,0.9934258921082026,1.0,1.0,1.0,1.0,disconnection,2
task_0,linear,ll,conn,200,32.342342886786845,29.252667758861698,3.0896751279251435,0.09553034357283377,-1.0150357465213526,7.728836579559947,0.08284148659559831,0.6355271520977012,0.06937278666681104,0.1008462206257441,0.16568297319119663,0.6355271520977012,0.11186486871328058,0.2016924412514882,disconnection,2
task_0,ridge,ll,conn,200,31.952327529998666,28.95935126600294,2.9929762639957285,0.09367005458947401,-0.5108693713443865,6.5585000151239905,0.049786902060601254,0.30075411232709404,0.0169005645654329,0.07162331568939376,0.049786902060601254,0.30075411232709404,0.0169005645654329,0.11261843901024396,disconnection,2
task_0,bagged_trees,ll,conn,200,34.242649898138396,29.93655537388739,4.306094524251007,0.1257523742192951,1.2014093291400016,7.391684432268502,0.0027705320193245173,0.030284977701647394,0.003524372066663124,0.03821163666087249,0.0055410640386490346,0.06056995540329479,0.003524372066663124,0.03821163666087249,disconnection,2
task_0,svm_gaussian_10,ll,conn,200,31.689627479359096,28.278506770605127,3.411120708753973,0.107641552775456,0.4263102007685444,6.276884356677942,0.01216830582653537,0.14311493783670642,0.01139748567009988,0.03738396069453711,0.018546960050840864,0.14311493783670642,0.01139748567009988,0.07476792138907422,disconnection,2
task_1,linear,ll,conn,200,34.019355258232075,30.251907901993064,3.767447356239008,0.11074423155998388,-1.338300230989304,9.105958540114672,0.08316556787823351,0.07901372177617033,0.05593243435664029,0.19555585060599964,0.16568297319119663,0.15802744355234066,0.11186486871328058,0.2016924412514882,disconnection,2
task_1,ridge,ll,conn,200,33.45351525885374,28.32713493018352,5.126380328670222,0.1532389134296876,1.3557990263118114,9.116386237180134,0.005486035107317962,0.001990889696805132,0.0010357489130628605,0.05630921950512198,0.010972070214635924,0.003981779393610264,0.002071497826125721,0.11261843901024396,disconnection,2
task_1,bagged_trees,ll,conn,200,36.702271302667775,31.738069419940174,4.964201882727601,0.13525598570698727,1.3313933070292043,8.742090595050339,0.004181633106535101,0.04190623447577595,0.0014125526365243112,0.009449435962665762,0.0055410640386490346,0.06056995540329479,0.0028251052730486224,0.018898871925331524,disconnection,2
task_1,svm_gaussian_10,ll,conn,200,34.640881682219295,30.2776484220458,4.363233260173496,0.12595618380039922,0.9165978987391414,7.912824075385239,0.009273480025420432,0.012697131734119276,0.00469209488432423,0.07069325750193635,0.018546960050840864,0.025394263468238552,0.00938418976864846,0.07476792138907422,disconnection,2
task_0,linear,ll,ll+conn,200,32.342342886786845,30.265528029407697,2.07681485737915,0.06421349450931747,-1.6369279445166156,6.161120781372109,0.1499132434444067,0.5978146244055875,0.1733765624647901,0.136633419716227,0.2998264868888134,0.5978146244055875,0.23630327587763228,0.273266839432454,disconnection,2
task_0,ridge,ll,ll+conn,200,31.952327529998666,29.07422733756839,2.878100192430275,0.09007482130145764,-0.13787052165971492,6.11108430826021,0.0358603436297284,0.1626912430980817,0.012387536425187601,0.05272820591747995,0.0358603436297284,0.1626912430980817,0.012387536425187601,0.1054564118349599,disconnection,2
task_0,bagged_trees,ll,ll+conn,200,34.242649898138396,30.172420152400218,4.070229745738179,0.11886433315896669,1.2961575051491052,6.811113959958918,0.001642854632055908,0.026334174547409217,0.0021697727401663205,0.016173480441624123,0.0028489923641732895,0.052668349094818434,0.0021697727401663205,0.016173480441624123,disconnection,2
task_0,svm_gaussian_10,ll,ll+conn,200,31.689627479359096,28.838360459192746,2.851267020166353,0.08997477240852748,0.2084885855602469,5.557367344301754,0.01698706050909432,0.11999257984616285,0.024360753424201465,0.03575140865118351,0.03397412101818864,0.11999257984616285,0.026174270517457583,0.07150281730236702,disconnection,2
task_1,linear,ll,ll+conn,200,34.019355258232075,31.109351858470344,2.9100033997617287,0.08553963993945947,-2.6641269785673214,8.424473576249945,0.15874884153787538,0.21208390116229314,0.11815163793881614,0.21348095695150063,0.2998264868888134,0.4241678023245863,0.23630327587763228,0.273266839432454,disconnection,2
task_1,ridge,ll,ll+conn,200,33.45351525885374,28.76789156756323,4.685623691290512,0.14006371692285532,0.9515609579374119,8.598129473697345,0.009231578005945746,0.0018493030807274155,0.00143963319969837,0.05285616297902277,0.018463156011891493,0.003698606161454831,0.00287926639939674,0.1054564118349599,disconnection,2
task_1,bagged_trees,ll,ll+conn,200,36.702271302667775,30.930621797498226,5.771649505169545,0.15725592178133188,2.1356847419421174,9.76429409772889,0.0014244961820866447,0.038630326185238935,0.0001954266270795844,0.00715505457246298,0.0028489923641732895,0.052668349094818434,0.0003908532541591688,0.01431010914492596,disconnection,2
task_1,svm_gaussian_10,ll,ll+conn,200,34.640881682219295,31.071751288456653,3.5691303937626446,0.1030323196304392,0.15761698708697838,7.087236020563474,0.024841440734351617,0.0166695036275743,0.013087135258728792,0.09229317330378362,0.03397412101818864,0.0333390072551486,0.026174270517457583,0.09229317330378362,disconnection,2
task_0,linear,ll,"stack(ll,conn)",200,32.342342886786845,29.5565036318714,2.7858392549154427,0.08613597551257088,-0.8249693692821866,6.979782534740063,0.08781016436212889,0.6666640397520824,0.05216245442381127,0.18914952094333576,0.08781016436212889,0.6666640397520824,0.05216245442381127,0.23568270013983683,disconnection,2
task_0,ridge,ll,"stack(ll,conn)",200,31.952327529998666,29.827010991666167,2.1253165383324997,0.06651523386949296,-1.5147976508609236,6.103580132773789,0.14682817361786996,0.6469253058223501,0.08677209137009155,0.2232096588953328,0.14682817361786996,0.6469253058223501,0.08677209137009155,0.2232096588953328,disconnection,2
task_0,bagged_trees,ll,"stack(ll,conn)",200,34.242649898138396,31.092827861998074,3.1498220361403226,0.09198534708937824,-0.2281203702936009,6.532954093418899,0.03352279975945705,0.13185272231467215,0.041745272463923,0.13198273155744297,0.0670455995189141,0.2637054446293443,0.058444093394887923,0.13198273155744297,disconnection,2
task_0,svm_gaussian_10,ll,"stack(ll,conn)",200,31.689627479359096,29.48534958798716,2.204277891371941,0.06955834027420132,-1.0585076901603536,5.581460383428829,0.09986137080314102,0.5466239926377837,0.09502902714612606,0.19663844444814796,0.09986137080314102,0.5466239926377837,0.09502902714612606,0.20716619595484528,disconnection,2
task_1,linear,ll,"stack(ll,conn)",200,34.019355258232075,30.2172566037094,3.80209865452267,0.11176280754476174,-0.0950648486760437,8.197049794043611,0.03889681975579368,0.010862547921140137,0.01920682305205213,0.11784135006991842,0.07779363951158735,0.021725095842280273,0.03841364610410426,0.23568270013983683,disconnection,2
task_1,ridge,ll,"stack(ll,conn)",200,33.45351525885374,29.158759696922647,4.294755561931089,0.12837979891498688,0.26920536168366616,8.439379040352073,0.021181632814497104,0.007044574151623503,0.0067805590001479765,0.10227923860756735,0.04236326562899421,0.014089148303247007,0.013561118000295953,0.2045584772151347,disconnection,2
task_1,bagged_trees,ll,"stack(ll,conn)",200,36.702271302667775,32.419148198466445,4.283123104201336,0.11669912929584848,-0.6783858319633046,9.266735338006876,0.04180826760516561,0.2468248612104022,0.029222046697443962,0.037824715575550505,0.0670455995189141,0.2637054446293443,0.058444093394887923,0.07564943115110101,disconnection,2
task_1,svm_gaussian_10,ll,"stack(ll,conn)",200,34.640881682219295,30.99811302417273,3.6427686580465637,0.10515808146754961,0.21037938583794272,7.198721318652216,0.022198905324279324,0.029132146825520348,0.015126391539197566,0.10358309797742264,0.04439781064855865,0.058264293651040695,0.030252783078395133,0.20716619595484528,disconnection,2
task_0,linear,ll,disc,200,35.31440969285827,35.4037816957102,-0.08937200285192233,-0.00253075171379677,-6.062437525312128,5.734606181978935,0.5118849057124502,0.2648750146223289,0.5127363957548372,0.5085896413149755,1.0,0.5297500292446577,1.0,1.0,both,0
task_0,ridge,ll,disc,200,35.03764245041683,33.45691265275566,1.5807297976611752,0.045115187184700825,-2.480799805751687,6.040937110711369,0.23302210288877873,0.3386764520635829,0.23352537388779776,0.33184303488612626,0.46604420577755745,0.6773529041271658,0.4670507477755955,0.6636860697722525,both,0
task_0,bagged_trees,ll,disc,200,39.987145659047584,38.55749207314688,1.429653585900705,0.035752829123906926,-2.992460665328438,5.647038076532942,0.26716692230417066,0.31059344231072533,0.24714294975695444,0.3180497005625031,0.3242517844328147,0.31059344231072533,0.365459895051194,0.3180497005625031,both,0
task_0,svm_gaussian_10,ll,disc,200,35.31740004566586,35.69634320936669,-0.3789431637008235,-0.010729644968509715,-4.018047141940703,3.287716780662276,0.5798861890184984,0.7217748057830179,0.572667228130133,0.5556818658188886,1.0,1.0,1.0,1.0,both,0
task_1,linear,ll,disc,200,33.770098124226735,37.285929397836405,-3.5158312736096695,-0.10411078050991522,-9.408040907856595,2.5162308377108853,0.8747310052980635,0.9775045542279475,0.8921632269426747,0.8611865344870203,1.0,0.9775045542279475,1.0,1.0,both,0
task_1,ridge,ll,disc,200,33.2598932033759,36.07375400057501,-2.8138607971991076,-0.0846022198566019,-7.553448589153336,2.0117769543795263,0.8794557908657274,0.9436554341337795,0.8967203551749976,0.8283735424173851,0.8794557908657274,0.9436554341337795,0.8967203551749976,0.8283735424173851,both,0
task_1,bagged_trees,ll,disc,200,39.65807236145923,37.82928712752027,1.8287852339389747,0.04611382059296046,-1.753147887222328,5.558673716559044,0.16212589221640736,0.08397939970404245,0.182729947525597,0.1479734221806305,0.3242517844328147,0.1679587994080849,0.365459895051194,0.295946844361261,both,0
task_1,svm_gaussian_10,ll,disc,200,33.69226249156788,35.94021544170939,-2.2479529501415105,-0.06672015424028299,-6.715410705806413,2.124072233956746,0.8443041035279354,0.9035284035923932,0.8779405404021167,0.8220519364641165,1.0,1.0,1.0,1.0,both,0
task_0,linear,ll,conn_matched,200,35.31440969285827,53.38972335117991,-18.075313658321637,-0.5118396092566445,-28.63411817080769,-8.218631846855388,0.9997422994574717,0.999469284966867,0.9999961178305241,0.9852681268491083,1.0,1.0,1.0,1.0,both,0
task_0,ridge,ll,conn_matched,200,35.03764245041683,53.23068340605363,-18.193040955636796,-0.5192427253455336,-28.697982532690915,-8.779840920230845,0.9998457145523219,0.9997087770303037,0.9999995599930658,0.9889389264412378,1.0,1.0,1.0,1.0,both,0
task_0,bagged_trees,ll,conn_matched,200,39.987145659047584,57.34696928936553,-17.35982363031795,-0.43413510377403186,-26.71688577802954,-9.433158477542744,0.9999680294109091,0.9999493511224312,0.9999999974887571,0.9921327395331183,1.0,1.0,1.0,1.0,both,0
task_0,svm_gaussian_10,ll,conn_matched,200,35.31740004566586,54.94481251685034,-19.627412471184474,-0.5557434138924715,-31.3403074194463,-9.657875324532542,0.999816547708896,0.9991031320495896,0.9999999878987144,0.9903183090539054,1.0,1.0,1.0,1.0,both,0
task_1,linear,ll,conn_matched,200,33.770098124226735,52.534212189185546,-18.764114064958807,-0.5556428647596199,-28.59784249406413,-9.46253706871733,0.9999175006726314,0.9999172787386407,0.9999978704328396,0.9861959404167715,1.0,1.0,1.0,1.0,both,0
task_1,ridge,ll,conn_matched,200,33.2598932033759,52.58999572866973,-19.330102525293825,-0.5811835416035492,-29.05770313525996,-10.267548268622514,0.9999622410552595,0.9999242593573524,0.9999998549186188,0.9921314618446704,1.0,1.0,1.0,1.0,both,0
task_1,bagged_trees,ll,conn_matched,200,39.65807236145923,54.915951253758315,-15.257878892299075,-0.3847357671152743,-23.223832711132502,-8.677909468138317,0.9999726957544259,0.9999144040336271,0.9999999933441133,0.992544181389809,1.0,1.0,1.0,1.0,both,0
task_1,svm_gaussian_10,ll,conn_matched,200,33.69226249156788,53.29060326991982,-19.59834077835194,-0.5816866938887465,-29.741175444033892,-10.6968752562296,0.9999502709872549,0.9998042992257125,0.9999999663126447,0.9966876220709142,1.0,1.0,1.0,1.0,both,0
task_0,linear,ll,conn,200,35.31440969285827,43.274864892002185,-7.960455199143906,-0.22541662931304132,-15.478597242849261,-0.3701128288740474,0.9788914206173164,0.9906452221177577,0.9830331594484693,0.885876516449163,1.0,1.0,1.0,1.0,both,0
task_0,ridge,ll,conn,200,35.03764245041683,32.30215039292785,2.7354920574889827,0.07807294858265898,-0.8784189128663279,6.720061792829768,0.0835145003363223,0.1921553007742403,0.0559607869332031,0.2327062543100155,0.1670290006726446,0.37307713074446325,0.1119215738664062,0.4404460841987957,both,0
task_0,bagged_trees,ll,conn,200,39.987145659047584,35.023079729220036,4.96406592982755,0.12414154218842996,1.185523309675231,9.163295262934886,0.009621654964416974,0.08119252372961788,0.003370967236056109,0.04457399275190337,0.019243309928833947,0.08119252372961788,0.006741934472112218,0.08914798550380675,both,0
task_0,svm_gaussian_10,ll,conn,200,35.31740004566586,34.87000994467552,0.44739010099034315,0.012667696387952168,-3.315908494707701,4.460878260898951,0.41246544605557117,0.43122189453152965,0.40614627134611775,0.4420133249162612,0.5858129884369978,0.43122189453152965,0.5296130068862961,0.7470304586775522,both,0
task_1,linear,ll,conn,200,33.770098124226735,42.93068214808418,-9.160584023857439,-0.2712631746037367,-16.50637832112493,-2.1696661533304336,0.9927571003017025,0.9915549918725467,0.9927809881641194,0.9521369231069903,1.0,1.0,1.0,1.0,both,0
task_1,ridge,ll,conn,200,33.2598932033759,31.04617120581712,2.213721997558782,0.06655830143597959,-1.1584110837732444,5.685875009172573,0.10151583286508353,0.18653856537223162,0.08794966862681633,0.22022304209939786,0.1670290006726446,0.37307713074446325,0.1119215738664062,0.4404460841987957,both,0
task_1,bagged_trees,ll,conn,200,39.65807236145923,34.724599997194794,4.933472364264447,0.12440020582187768,0.7433626330241806,9.339063341098287,0.013435383350056552,0.016318608098171827,0.006917312500764619,0.07227707002477061,0.019243309928833947,0.03263721619634365,0.006917312500764619,0.08914798550380675,both,0
task_1,svm_gaussian_10,ll,conn,200,33.69226249156788,32.55433590870001,1.1379265828678689,0.03377412197096162,-2.9003165429158795,5.231446030437282,0.2929064942184989,0.18621136634148422,0.26480650344314804,0.3735152293387761,0.5858129884369978,0.37242273268296844,0.5296130068862961,0.7470304586775522,both,0
task_0,linear,ll,ll+conn,200,35.31440969285827,46.969520501482386,-11.655110808624107,-0.330038386879256,-19.956238989136082,-3.52009940200601,0.9970986197654905,0.9955043447881045,0.9973118418427962,0.9525562871782607,1.0,1.0,1.0,1.0,both,0
task_0,ridge,ll,ll+conn,200,35.03764245041683,32.26059791025847,2.7770445401583688,0.07925888689823453,-0.8002195152003148,6.762091933255525,0.07765013459772319,0.18038273487695183,0.05215515276222017,0.21203310914255488,0.10365852921376634,0.18038273487695183,0.08557658183818788,0.30307280980106344,both,0
task_0,bagged_trees,ll,ll+conn,200,39.987145659047584,35.10709354057796,4.88005211846963,0.1220405217236469,1.2140254540223754,9.031438584948745,0.008679415392157264,0.03761921481371687,0.0031277737318565106,0.026328487868127373,0.012697157710718025,0.03761921481371687,0.0031277737318565106,0.052656975736254746,both,0
task_0,svm_gaussian_10,ll,ll+conn,200,35.31740004566586,35.21893078164058,0.09846926402528411,0.0027881232451415464,-3.834350889946601,4.0606988018137,0.4808586546073458,0.3970013650784546,0.47953737240146327,0.48686682115463875,0.6354159543208929,0.3970013650784546,0.6054271451883662,0.7797434815133069,both,0
task_1,linear,ll,ll+conn,200,33.770098124226735,49.544128603793745,-15.774030479567012,-0.46710052252559764,-25.202332745713328,-6.703814438819216,0.9994770446147923,0.9907975209447425,0.999838888756573,0.9978129611639462,1.0,1.0,1.0,1.0,both,0
task_1,ridge,ll,ll+conn,200,33.2598932033759,30.708060645793303,2.551832557582601,0.07672401537728293,-0.42845637538685943,5.728035334577317,0.05182926460688317,0.06436716873341125,0.04278829091909394,0.15153640490053172,0.10365852921376634,0.1287343374668225,0.08557658183818788,0.30307280980106344,both,0
task_1,bagged_trees,ll,ll+conn,200,39.65807236145923,33.70048649770248,5.957585863756767,0.1502237882229119,1.2690395078449532,10.500921048703171,0.0063485788553590125,0.0005612899610487373,0.0012500902534022518,0.07591309760828095,0.012697157710718025,0.0011225799220974746,0.0025001805068045036,0.07591309760828095,both,0
task_1,svm_gaussian_10,ll,ll+conn,200,33.69226249156788,32.788692218202314,0.9035702733655665,0.026818331763611952,-2.7621184498070503,4.689892249709745,0.31770797716044646,0.12823830756288407,0.3027135725941831,0.38987174075665343,0.6354159543208929,0.25647661512576814,0.6054271451883662,0.7797434815133069,both,0
task_0,linear,ll,"stack(ll,conn)",200,35.31440969285827,34.28532311025604,1.029086582602244,0.029140698982442825,-0.6218230941294023,2.888261725464062,0.12730231465453215,0.14926637536038095,0.13190274926450954,0.1627610983225571,0.20897514184886062,0.2985327507207619,0.2638054985290191,0.3255221966451142,both,0
task_0,ridge,ll,"stack(ll,conn)",200,35.03764245041683,33.457224020125686,1.5804184302911504,0.04510630053171139,-1.0607567845957815,4.196059446375579,0.12724876236485538,0.07758597908200415,0.1211102904708682,0.2621882532206766,0.12724876236485538,0.1551719581640083,0.1211102904708682,0.3148516389171586,both,0
task_0,bagged_trees,ll,"stack(ll,conn)",200,39.987145659047584,34.19703404771583,5.790111611331754,0.14479932277991114,1.3322473141867803,10.743734598528764,0.011080727684459632,0.08473455994785001,0.004601008071616354,0.043048782133607306,0.022155213655561022,0.08473455994785001,0.005957484947651967,0.08609756426721461,both,0
task_0,svm_gaussian_10,ll,"stack(ll,conn)",200,35.31740004566586,34.21734048669143,1.1000595589744402,0.03114780696064967,-0.8849484764598904,3.1075645685905653,0.14496957667942015,0.15646795668887942,0.16570228695206404,0.21496942993920704,0.2375628688197916,0.15766834663176177,0.16570228695206404,0.42993885987841407,both,0
task_1,linear,ll,"stack(ll,conn)",200,33.770098124226735,32.331782498611226,1.4383156256155063,0.042591396102093525,-0.7464407816225428,3.6905667005198732,0.10448757092443031,0.26687665184990156,0.1422352372578117,0.1764010755808588,0.20897514184886062,0.2985327507207619,0.2638054985290191,0.3255221966451142,both,0
task_1,ridge,ll,"stack(ll,conn)",200,33.2598932033759,30.607971151710263,2.6519220516656388,0.07973333033421968,-0.2910772352503113,5.904723534784315,0.04612355418575298,0.14422045212401435,0.03447029759922901,0.1574258194585793,0.09224710837150596,0.1551719581640083,0.06894059519845802,0.3148516389171586,both,0
task_1,bagged_trees,ll,"stack(ll,conn)",200,39.65807236145923,33.281640051379355,6.376432310079886,0.16078523060734218,1.0066037946704924,11.750874350960492,0.011077606827780511,0.004725392186472033,0.0029787424738259836,0.08024685426580205,0.022155213655561022,0.009450784372944067,0.005957484947651967,0.08609756426721461,both,0
task_1,svm_gaussian_10,ll,"stack(ll,conn)",200,33.69226249156788,32.033407484540334,1.6588550070275525,0.04923548863608409,-0.9452106805344315,4.484254384379961,0.1187814344098958,0.07883417331588088,0.08016247841763248,0.25221509073028475,0.2375628688197916,0.15766834663176177,0.16032495683526496,0.42993885987841407,both,0
task_0,linear,ll,disc,200,26.100436954360376,30.330007427027567,-4.229570472667193,-0.1620497955671426,-7.639003564664803,-1.027501801107926,0.9928181329999716,0.9926880318429016,0.9903373254134651,0.9876774212135275,1.0,1.0,1.0,1.0,both,1
task_0,ridge,ll,disc,200,25.799416442729477,28.467829561373627,-2.6684131186441538,-0.10342920447707019,-5.603182300181672,0.06783677159874882,0.9671665452814684,0.97004819694227,0.9579763653963282,0.9459238230775601,1.0,1.0,1.0,1.0,both,1
task_0,bagged_trees,ll,disc,200,30.338610521403417,29.698035629152418,0.6405748922510013,0.021114180288483733,-2.663086010734792,3.916549131432009,0.35614890171838576,0.8579848373214157,0.3328488490594578,0.40064651378595406,0.6747163942940849,1.0,0.6656976981189155,0.6827725991798089,both,1
task_0,svm_gaussian_10,ll,disc,200,27.18936131427068,29.49355770167415,-2.304196387403467,-0.08474624912186078,-4.611214629328957,-0.14074673989066586,0.9756601379661434,0.9944636224584569,0.9579677204474625,0.9005100388647405,1.0,1.0,1.0,1.0,both,1
task_1,linear,ll,disc,200,28.86442912640715,31.60000457653574,-2.735575450128587,-0.0947732393441274,-6.758487823982435,1.2934491456852721,0.904552881408998,0.9334552541917372,0.8905942416724675,0.7753398289263917,1.0,1.0,1.0,1.0,both,1
task_1,ridge,ll,disc,200,28.345557054161844,31.872233188212803,-3.526676134050955,-0.12441724561321153,-7.188003505760389,-0.024119992945564273,0.9669428742566248,0.9624806968800559,0.9707158810346407,0.8063733062552062,1.0,1.0,1.0,1.0,both,1
task_1,bagged_trees,ll,disc,200,32.81530526063216,32.02067915025612,0.7946261103760357,0.024215106459159842,-2.702534944538591,4.542502278247601,0.33735819714704246,0.7055860695548274,0.34058587449595035,0.34138629958990446,0.6747163942940849,1.0,0.6656976981189155,0.6827725991798089,both,1
task_1,svm_gaussian_10,ll,disc,200,31.548901730112792,33.70283508200402,-2.1539333518912342,-0.0682728473503516,-5.685040373744049,1.0321343173871114,0.8913665491316692,0.9108241826418708,0.9019195128456228,0.759158375765446,1.0,1.0,1.0,1.0,both,1
task_0,linear,ll,conn_matched,200,26.100436954360376,42.10046346104386,-16.000026506683476,-0.6130175726429932,-24.178211040357823,-8.85255669904045,0.99993503425821,0.9999520789798213,0.9999995594167743,0.9971570846760455,1.0,1.0,1.0,1.0,both,1
task_0,ridge,ll,conn_matched,200,25.799416442729477,42.214695441896374,-16.415278999166894,-0.6362655153695492,-24.3706012313766,-9.325679509432343,0.999967934717294,0.9999944627134643,0.9999999738496334,0.9985843251626467,1.0,1.0,1.0,1.0,both,1
task_0,bagged_trees,ll,conn_matched,200,30.338610521403417,44.22603849816214,-13.887427976758731,-0.45774766009673934,-19.31786897747965,-8.906460235846549,0.9999988020427604,0.9999992984116475,0.99999999996757,0.9999579835378509,1.0,1.0,1.0,1.0,both,1
task_0,svm_gaussian_10,ll,conn_matched,200,27.18936131427068,44.82251856268885,-17.63315724841816,-0.6485314989419474,-25.635265854219337,-9.890315191155816,0.9999772759385506,0.9999998881028622,0.9999999999329215,0.9996226867289388,1.0,1.0,1.0,1.0,both,1
task_1,linear,ll,conn_matched,200,28.86442912640715,48.82672930132016,-19.962300174913004,-0.6915882551319932,-29.097443638887356,-11.758553341972698,0.9999753250971001,0.9999924328115751,0.9999998996035572,0.9615426796651428,1.0,1.0,1.0,1.0,both,1
task_1,ridge,ll,conn_matched,200,28.345557054161844,48.93079211166564,-20.585235057503795,-0.7262243962314849,-29.67245654925661,-12.486464938526591,0.999990151417283,0.9999992941041738,0.9999999977900322,0.9694674437572285,1.0,1.0,1.0,1.0,both,1
task_1,bagged_trees,ll,conn_matched,200,32.81530526063216,49.45099777319772,-16.635692512565566,-0.5069491927756973,-22.93011957340406,-10.777167238103345,0.9999998712791026,0.9999998917042325,0.9999999997046556,0.9926974080741781,1.0,1.0,1.0,1.0,both,1
task_1,svm_gaussian_10,ll,conn_matched,200,31.548901730112792,50.14714392998343,-18.598242199870647,-0.589505218247233,-26.620022724944345,-11.642261568134481,0.9999960268777961,0.9999996690020876,0.9999999994893909,0.9789378887976578,1.0,1.0,1.0,1.0,both,1
task_0,linear,ll,conn,200,26.100436954360376,33.04463506177481,-6.944198107414438,-0.26605677596728244,-12.066386087986329,-2.1200462430984013,0.996419748509512,0.9999083704751629,0.9960560444321633,0.967301944602396,1.0,1.0,1.0,1.0,both,1
task_0,ridge,ll,conn,200,25.799416442729477,25.346720563021467,0.4526958797080071,0.017546748807784805,-1.902775148946784,2.7376277284885626,0.3535888899175257,0.7160136155445025,0.36412185283534104,0.4014641546780497,0.7071777798350514,1.0,0.7279590915877249,0.8029283093560994,both,1
task_0,bagged_trees,ll,conn,200,30.338610521403417,30.11817672568647,0.2204337957169421,0.00726578415848773,-3.189402378226079,3.4430542245500018,0.4480343560672031,0.7383116557076755,0.4329157114378028,0.46521090590748143,0.4480343560672031,0.7383116557076755,0.4329157114378028,0.46521090590748143,both,1
task_0,svm_gaussian_10,ll,conn,200,27.18936131427068,28.210494946242925,-1.0211336319722422,-0.03755636699845124,-3.0316010943979865,0.9536346519343261,0.8438215047953319,0.981697904705885,0.8038690827572389,0.7193077820637208,1.0,1.0,1.0,1.0,both,1
task_1,linear,ll,conn,200,28.86442912640715,46.68557099834107,-17.82114187193391,-0.6174084300745762,-26.96298324573915,-9.850317642071591,0.9999620499700063,0.9999998733326773,0.9999994128270312,0.9842560473466022,1.0,1.0,1.0,1.0,both,1
task_1,ridge,ll,conn,200,28.345557054161844,27.83558386742231,0.5099731867395372,0.017991291748653788,-2.7139131610307543,3.5887340729018575,0.3779000217941146,0.6350686442912521,0.36397954579386244,0.43403214535933365,0.7071777798350514,1.0,0.7279590915877249,0.8029283093560994,both,1
task_1,bagged_trees,ll,conn,200,32.81530526063216,30.216515848321045,2.598789412311109,0.07919443051559306,-0.9907863850571313,6.330610967991128,0.08869132852917253,0.1478530497070123,0.07155810041981552,0.1754650797609507,0.17738265705834505,0.2957060994140246,0.14311620083963103,0.3509301595219014,both,1
task_1,svm_gaussian_10,ll,conn,200,31.548901730112792,32.2389616904745,-0.6900599603617065,-0.02187270942947146,-4.00873567093297,2.7612977851221037,0.6548321028871515,0.9650032489786888,0.6580821147677125,0.5911516283404952,1.0,1.0,1.0,1.0,both,1
task_0,linear,ll,ll+conn,200,26.100436954360376,34.823704557907334,-8.723267603546953,-0.3342192170499135,-14.03001720987532,-3.6022769460528945,0.9991982975560361,0.9997636675876683,0.9997430204045974,0.985791669271856,1.0,1.0,1.0,1.0,both,1
task_0,ridge,ll,ll+conn,200,25.799416442729477,25.238568579967524,0.5608478627619502,0.021738780952931303,-1.5472478025601486,2.677343764315469,0.30823313365594646,0.7608125897550686,0.31823007600383735,0.3661387405034873,0.5183336400746912,1.0,0.4629657431159454,0.7322774810069747,both,1
task_0,bagged_trees,ll,ll+conn,200,30.338610521403417,29.181136908546094,1.1574736128573242,0.03815183335574134,-1.9414939940690104,4.310922193029986,0.2356995298342104,0.6541522930747554,0.21222684396436792,0.2752950619157135,0.2356995298342104,0.6541522930747554,0.21222684396436792,0.2752950619157135,both,1
task_0,svm_gaussian_10,ll,ll+conn,200,27.18936131427068,28.119416321228933,-0.9300550069582525,-0.03420657794083973,-2.824527702603509,0.8681217589170435,0.8333784759022058,0.9310593121936983,0.7993194183061667,0.7387992268896866,1.0,1.0,1.0,1.0,both,1
task_1,linear,ll,ll+conn,200,28.86442912640715,50.84245398504417,-21.978024858637017,-0.7614224678543883,-32.96916773316931,-12.446945716365967,0.9999728178273998,0.9999999901845651,0.9999999970323199,0.9843540266493253,1.0,1.0,1.0,1.0,both,1
task_1,ridge,ll,ll+conn,200,28.345557054161844,27.38043155805714,0.9651254961047084,0.03404856338722063,-1.9927548988931203,3.8400448757116354,0.2591668200373456,0.5764370639938357,0.2314828715579727,0.3679618597663788,0.5183336400746912,1.0,0.4629657431159454,0.7322774810069747,both,1
task_1,bagged_trees,ll,ll+conn,200,32.81530526063216,29.70493683560057,3.110368425031585,0.0947840771349773,-0.0782260824818174,6.573295778083318,0.0418308446033891,0.11877658714387263,0.02370445588789547,0.09190072276460054,0.0836616892067782,0.23755317428774525,0.04740891177579094,0.18380144552920108,both,1
task_1,svm_gaussian_10,ll,ll+conn,200,31.548901730112792,32.350602259778,-0.8017005296652138,-0.025411360957139334,-4.001683607576533,2.6604042660468465,0.679755988710515,0.9509921714520471,0.6909544132896837,0.6128258151915844,1.0,1.0,1.0,1.0,both,1
task_0,linear,ll,"stack(ll,conn)",200,26.100436954360376,25.35570311915321,0.7447338352071704,0.028533385724898913,-0.1883702218742748,1.6374788740241166,0.05440622824846456,0.04540351811216467,0.04875280229205141,0.10129430214202632,0.10881245649692912,0.09080703622432934,0.09750560458410282,0.20258860428405265,both,1
task_0,ridge,ll,"stack(ll,conn)",200,25.799416442729477,24.89736940122957,0.9020470414999067,0.03496385445392941,-0.4413667787174943,2.1600592869941657,0.09301992226839546,0.15240735008199968,0.07759143854136047,0.2157138345884563,0.18603984453679093,0.30481470016399936,0.15518287708272094,0.4314276691769126,both,1
task_0,bagged_trees,ll,"stack(ll,conn)",200,30.338610521403417,28.65669319781062,1.681917323592796,0.055438179095454274,-2.2905440605469685,5.619212471763763,0.21064137793853965,0.3890256946044355,0.14680436699131044,0.2641340885583935,0.21064137793853965,0.3890256946044355,0.14680436699131044,0.2641340885583935,both,1
task_0,svm_gaussian_10,ll,"stack(ll,conn)",200,27.18936131427068,27.010901023997807,0.17846029027287102,0.006563607295152016,-1.4212244119060922,1.682233415221717,0.41337406073750105,0.24146499479964817,0.4303043881651134,0.42948655607729475,0.8176599141697478,0.48292998959929634,0.8067049774341115,0.8589731121545895,both,1
task_1,linear,ll,"stack(ll,conn)",200,28.86442912640715,29.418386538746333,-0.5539574123391803,-0.0191916981941064,-2.0339949265326656,0.7289254329458549,0.7801138276137873,0.6962662035601088,0.8118507751760438,0.639290375783715,0.7801138276137873,0.6962662035601088,0.8118507751760438,0.639290375783715,both,1
task_1,ridge,ll,"stack(ll,conn)",200,28.345557054161844,27.93013902210122,0.4154180320606267,0.014655490144958462,-1.5303722881894133,2.3223650069249144,0.34358548050031623,0.530151441246676,0.3392956925608158,0.4159771153070266,0.34358548050031623,0.530151441246676,0.3392956925608158,0.4314276691769126,both,1
task_1,bagged_trees,ll,"stack(ll,conn)",200,32.81530526063216,28.722281994372278,4.093023266259874,0.12472909313966338,0.4218221280832257,7.923176209159885,0.024613621635565127,0.06877891725876223,0.009971950364000523,0.1152760843084689,0.049227243271130254,0.13755783451752446,0.019943900728001045,0.2305521686169378,both,1
task_1,svm_gaussian_10,ll,"stack(ll,conn)",200,31.548901730112792,31.297998943305526,0.2509027868072658,0.007952821589595436,-1.772561307683136,2.410748165411477,0.4088299570848739,0.5500064049016591,0.40335248871705576,0.4438316633415497,0.8176599141697478,0.5500064049016591,0.8067049774341115,0.8589731121545895,both,1
task_0,linear,ll,disc,200,26.82928718593988,27.738037586479322,-0.9087504005394479,-0.033871581985811625,-3.854939810962735,1.87573913940986,0.7321888727050214,0.7168401267329256,0.7027576718907327,0.6622654858907608,1.0,1.0,1.0,1.0,both,2
task_0,ridge,ll,disc,200,26.80205513368468,26.275599934096327,0.5264551995883501,0.019642344475543742,-2.185338590113269,2.9933170037414074,0.34614238672098124,0.3899616566040147,0.34946756478820984,0.4005438535187605,0.4394287145248467,0.4493461680497267,0.5069141473199013,0.6748269299288033,both,2
task_0,bagged_trees,ll,disc,200,30.30929236209719,28.193002740479105,2.116289621618085,0.06982312870704227,-0.8633290587029488,5.0474368051963046,0.08264310400459457,0.059453529970642544,0.07972822413351001,0.2132587271391605,0.08740001959910496,0.059453529970642544,0.09580899488261281,0.39843783070805894,both,2
task_0,svm_gaussian_10,ll,disc,200,27.849300638675057,27.524769573296652,0.32453106537841103,0.011653113648668298,-2.0572244982814722,2.683489915515303,0.3945606157794647,0.404074796580004,0.3874904530869071,0.43859359317892355,0.5959228039549183,0.808149593160008,0.6509739048096873,0.7583564327152023,both,2
task_1,linear,ll,disc,200,35.3082505453823,36.533340910114404,-1.225090364732097,-0.034696999874221104,-5.619373933507902,3.052816936972328,0.7174237693014262,0.7690624134233184,0.6946276263004882,0.6384053968491035,1.0,1.0,1.0,1.0,both,2
task_1,ridge,ll,disc,200,35.13110287924036,33.96161584497176,1.169487034268597,0.03328922061708656,-1.7282234046343388,4.1723693760643545,0.21971435726242336,0.22467308402486336,0.2534570736599506,0.33741346496440167,0.4394287145248467,0.4493461680497267,0.5069141473199013,0.6748269299288033,both,2
task_1,bagged_trees,ll,disc,200,37.61494511637392,34.11455002670713,3.5003950896667937,0.09305862547020066,-0.5021491431197779,7.55159519028826,0.04370000979955248,0.02140892163367738,0.047904497441306405,0.19921891535402947,0.08740001959910496,0.04281784326735476,0.09580899488261281,0.39843783070805894,both,2
task_1,svm_gaussian_10,ll,disc,200,35.464310221023,34.62317489117693,0.8411353298460698,0.0237177975436119,-2.1795276809767756,4.1372632546436865,0.29796140197745913,0.5466239926377837,0.32548695240484365,0.3791782163576011,0.5959228039549183,0.808149593160008,0.6509739048096873,0.7583564327152023,both,2
task_0,linear,ll,conn_matched,200,26.82928718593988,35.453758569890205,-8.624471383950327,-0.321457343394127,-14.50113086019031,-3.9383313068112513,0.9991135014021655,0.9996003364139199,0.9998723186343157,0.9854798016724587,1.0,1.0,1.0,1.0,both,2
task_0,ridge,ll,conn_matched,200,26.80205513368468,35.55601492696908,-8.75395979328439,-0.32661524460049557,-14.48006350392063,-4.327212049875374,0.9995513083581249,0.999792182733191,0.9999797754705091,0.9850145428433944,1.0,1.0,1.0,1.0,both,2
task_0,bagged_trees,ll,conn_matched,200,30.30929236209719,37.93336179193163,-7.624069429834443,-0.2515423104819367,-12.597665039668696,-3.224088344278098,0.9993500261236665,0.9997614970902167,0.999964839822366,0.9862338280055016,1.0,1.0,1.0,1.0,both,2
task_0,svm_gaussian_10,ll,conn_matched,200,27.849300638675057,35.61982334389394,-7.770522705218875,-0.2790203892742551,-12.141010704530164,-3.8198391692163005,0.9997438690252648,0.9986246126587299,0.9999630619257386,0.9888221507785598,1.0,1.0,1.0,1.0,both,2
task_1,linear,ll,conn_matched,200,35.3082505453823,44.838977494446524,-9.530726949064219,-0.2699291752451516,-15.798253584881982,-3.9669272963742896,0.9991744837419788,0.9830759216477221,0.9996337034900731,0.9701690628173396,1.0,1.0,1.0,1.0,both,2
task_1,ridge,ll,conn_matched,200,35.13110287924036,44.692732432162565,-9.561629552922211,-0.27216992264061146,-15.360570930303698,-4.395355053446367,0.9996968262166116,0.9835817874597717,0.9999452693026568,0.9711150980071394,1.0,1.0,1.0,1.0,both,2
task_1,bagged_trees,ll,conn_matched,200,37.61494511637392,47.88241962215161,-10.267474505777697,-0.27296263424051176,-16.00043029675833,-5.12505098016738,0.999855313869734,0.9978162199860241,0.9999972800987246,0.9697913441752877,1.0,1.0,1.0,1.0,both,2
task_1,svm_gaussian_10,ll,conn_matched,200,35.464310221023,45.40206188203739,-9.937751661014397,-0.2802183829060735,-16.53656166314452,-4.095641136921581,0.9991823015731199,0.9763718970631645,0.9999770350318674,0.9679007403458768,1.0,1.0,1.0,1.0,both,2
task_0,linear,ll,conn,200,26.82928718593988,39.60838706201391,-12.779099876074037,-0.47631156905171285,-20.649254979780057,-5.697887760517142,0.9993417803442595,0.9973087871751755,0.9999932412172504,0.9683956035319347,1.0,1.0,1.0,1.0,both,2
task_0,ridge,ll,conn,200,26.80205513368468,26.504757451196518,0.2972976824881614,0.011092346501239723,-1.689271289921501,2.43328390937999,0.38906576246542995,0.674611538337705,0.39238644062441297,0.42283802287450106,0.38906576246542995,0.674611538337705,0.39238644062441297,0.5300873465104282,both,2
task_0,bagged_trees,ll,conn,200,30.30929236209719,28.209664049910018,2.0996283121871717,0.06927341909218669,-0.38488112470414987,4.6705349834395085,0.05317247116601959,0.054433818798199925,0.045277726662359845,0.24866009735579686,0.07534494239392495,0.054433818798199925,0.07227953820446281,0.3140419979726492,both,2
task_0,svm_gaussian_10,ll,conn,200,27.849300638675057,28.55741957691087,-0.7081189382358107,-0.025426812235723698,-3.469733557007087,1.9169490183846445,0.6998965293025725,0.6996704779638461,0.69437442010407,0.6752087056458778,0.6998965293025725,0.6996704779638461,0.69437442010407,0.6752087056458778,both,2
task_1,linear,ll,conn,200,35.3082505453823,43.54467496059056,-8.236424415208262,-0.23327194885008093,-16.264443330086305,-0.8193386177013414,0.9810137049741725,0.8657869517788485,0.9747144750446314,0.8616499928979828,1.0,1.0,1.0,1.0,both,2
task_1,ridge,ll,conn,200,35.13110287924036,32.81624714114906,2.314855738091296,0.06589191765622561,-0.45574184723169864,5.226965642467233,0.05973896188195608,0.04312136864449567,0.07115190801585375,0.2650436732552141,0.11947792376391216,0.08624273728899134,0.1423038160317075,0.5300873465104282,both,2
task_1,bagged_trees,ll,conn,200,37.61494511637392,34.973481396980254,2.6414637193936676,0.07022378236154408,-0.13788237295275443,5.544803258044515,0.03767247119696247,0.010249055989840107,0.036139769102231406,0.1570209989863246,0.07534494239392495,0.020498111979680215,0.07227953820446281,0.3140419979726492,both,2
task_1,svm_gaussian_10,ll,conn,200,35.464310221023,32.788635642672695,2.6756745783502986,0.07544696517921212,-0.195343754429232,5.770562765504771,0.03821401826375765,0.15356032103690564,0.04476232581400015,0.1264723220248324,0.0764280365275153,0.3071206420738113,0.0895246516280003,0.2529446440496648,both,2
task_0,linear,ll,ll+conn,200,26.82928718593988,39.9183875486288,-13.089100362688926,-0.48786612450696726,-21.37320826171904,-6.043477357700448,0.9992652810480367,0.9982005088316759,0.9999952552648558,0.9484642680981286,1.0,1.0,1.0,1.0,both,2
task_0,ridge,ll,ll+conn,200,26.80205513368468,26.65634597980612,0.14570915387856087,0.005436491834368119,-1.7830928032697877,2.1874946212175557,0.4429377520853481,0.7527898690287632,0.4455074370490578,0.4626272697820757,0.4429377520853481,0.7527898690287632,0.4455074370490578,0.4626272697820757,both,2
task_0,bagged_trees,ll,ll+conn,200,30.30929236209719,27.984436393780978,2.32485596831621,0.07670439614827572,-0.07136699115764482,4.672275618906546,0.021293174004065718,0.0048613208275261836,0.01919157881910444,0.1918907340021055,0.042586348008131436,0.009722641655052367,0.03838315763820888,0.3524889804502004,both,2
task_0,svm_gaussian_10,ll,ll+conn,200,27.849300638675057,28.928520643884355,-1.0792200052092906,-0.038752140285725864,-3.7759716299605914,1.4623627298141924,0.7902190570589886,0.8348961998239115,0.7873014072411648,0.7682222799432605,0.7902190570589886,0.8348961998239115,0.7873014072411648,0.7682222799432605,both,2
task_1,linear,ll,ll+conn,200,35.3082505453823,49.145862168118626,-13.837611622736326,-0.39190872980100233,-23.684179944032035,-5.174007782541503,0.9979937432316481,0.908439326795782,0.9988706836493992,0.9299180519178678,1.0,1.0,1.0,1.0,both,2
task_1,ridge,ll,ll+conn,200,35.13110287924036,32.73709213660544,2.394010742634917,0.06814504944134799,-0.1369929505768228,5.000218153534116,0.03848780961186139,0.01511657899503812,0.048140416075791996,0.21766471642080443,0.07697561922372279,0.03023315799007624,0.09628083215158399,0.43532943284160885,both,2
task_1,bagged_trees,ll,ll+conn,200,37.61494511637392,35.3437971924267,2.2711479239472196,0.06037887113541423,-0.3950232128007172,5.0749002915050925,0.05255300734322735,0.03360588796781784,0.06123063793847501,0.1762444902251002,0.05255300734322735,0.03360588796781784,0.06123063793847501,0.3524889804502004,both,2
task_1,svm_gaussian_10,ll,ll+conn,200,35.464310221023,33.28039753127948,2.183912689743508,0.061580577096601745,-0.5950190992046399,5.124134566089238,0.06662922498337352,0.12849417540103708,0.08061516589767882,0.14068597488683285,0.13325844996674704,0.25698835080207416,0.16123033179535765,0.2813719497736657,both,2
task_0,linear,ll,"stack(ll,conn)",200,26.82928718593988,27.213044494416152,-0.38375730847627454,-0.014303671425060666,-1.8669646836822995,0.7845434945299685,0.7192145262924552,0.7343252470379863,0.7560005365893672,0.7468000756157643,0.7192145262924552,0.7343252470379863,0.7560005365893672,0.7468000756157643,both,2
task_0,ridge,ll,"stack(ll,conn)",200,26.80205513368468,26.537466616032408,0.2645885176522765,0.009871948861105918,-1.0735668932235336,1.6526884585805555,0.35431290990213077,0.4321811471516045,0.3612285050202505,0.406664885034733,0.35431290990213077,0.4321811471516045,0.3612285050202505,0.6533302285559095,both,2
task_0,bagged_trees,ll,"stack(ll,conn)",200,30.30929236209719,28.18299377418382,2.1262985879133702,0.07015335635392067,-0.6038885295614825,5.003330822265296,0.07259218946246547,0.04289834251943697,0.06330894147888565,0.24242154363911986,0.0967956773068358,0.08579668503887394,0.10957820993514684,0.382841404638908,both,2
task_0,svm_gaussian_10,ll,"stack(ll,conn)",200,27.849300638675057,27.700247406228854,0.14905323244620766,0.005352135566349322,-1.3340786749695581,1.4879273904964059,0.4184484333625843,0.24836786711074604,0.4199954955889515,0.42784057508942086,0.4184484333625843,0.3123511446169991,0.4199954955889515,0.42784057508942086,both,2
task_1,linear,ll,"stack(ll,conn)",200,35.3082505453823,32.463790430615575,2.8444601147667354,0.08056077746221671,0.6034648703273575,4.966151596982715,0.006818970702169764,0.0058127612266287276,0.018992997485934235,0.07715561911515469,0.013637941404339528,0.011625522453257455,0.03798599497186847,0.15431123823030937,both,2
task_1,ridge,ll,"stack(ll,conn)",200,35.13110287924036,33.683750211416495,1.4473526678238602,0.041198611748654454,-0.9436220630351642,3.8206648980484235,0.11959187834733896,0.07057456332360589,0.1420576590609617,0.32666511427795475,0.23918375669467792,0.14114912664721177,0.2841153181219234,0.6533302285559095,both,2
task_1,bagged_trees,ll,"stack(ll,conn)",200,37.61494511637392,35.12865972924206,2.4862853871318595,0.06609833882356433,-0.41948698949971297,5.354075676835219,0.0483978386534179,0.0791935797858187,0.05478910496757342,0.191420702319454,0.0967956773068358,0.08579668503887394,0.10957820993514684,0.382841404638908,both,2
task_1,svm_gaussian_10,ll,"stack(ll,conn)",200,35.464310221023,33.02893077713861,2.4353794438843837,0.06867127624099982,0.02020122362823012,5.142768488945639,0.03273435519219302,0.15617557230849954,0.03820186153394754,0.09409828798435839,0.06546871038438604,0.3123511446169991,0.07640372306789509,0.18819657596871678,both,2
task_0,linear,ll,disc,200,29.580833983171015,29.580833983171015,0.0,0.0,0.0,0.0,,,,,,,,,none,0
task_0,ridge,ll,disc,200,29.503036930011067,29.503036930011067,0.0,0.0,0.0,0.0,,,,,,,,,none,0
task_0,bagged_trees,ll,disc,200,30.17694501257733,30.17694501257733,0.0,0.0,0.0,0.0,,,,,,,,,none,0
task_0,svm_gaussian_10,ll,disc,200,29.206662108259597,29.206662108259597,0.0,0.0,0.0,0.0,,,,,,,,,none,0
task_1,linear,ll,disc,200,27.15366466243664,26.324283931775952,0.8293807306606843,0.03054397043534306,0.0064669324069735485,2.327494703080771,0.12010961085970857,0.06767845005105448,0.010373124849547766,0.2543232457981721,0.12010961085970857,0.06767845005105448,0.010373124849547766,0.2543232457981721,none,0
task_1,ridge,ll,disc,200,27.001340694858474,26.35575097324379,0.6455897216146795,0.023909543193076005,0.028076970369704298,1.7740571401031697,0.11097266026782235,0.036569034585513464,0.01177916152504316,0.2543232457981721,0.11097266026782235,0.036569034585513464,0.01177916152504316,0.2543232457981721,none,0
task_1,bagged_trees,ll,disc,200,26.670586101887352,26.402742073673597,0.2678440282137537,0.010042674997487198,-0.016818162949370247,0.6138848327246539,0.04627399984287086,0.0894780565992162,0.034005759574095996,0.2543232457981721,0.04627399984287086,0.0894780565992162,0.034005759574095996,0.2543232457981721,none,0
task_1,svm_gaussian_10,ll,disc,200,27.335292152941197,26.559796189793946,0.7754959631472524,0.02836977043480442,0.028012836691592092,2.1165612378990635,0.1063157649372651,0.04296193001394308,0.010192830590827158,0.2543232457981721,0.1063157649372651,0.04296193001394308,0.010192830590827158,0.2543232457981721,none,0
task_0,linear,ll,conn_matched,200,29.580833983171015,29.580833983171015,0.0,0.0,0.0,0.0,,,,,,,,,none,0
task_0,ridge,ll,conn_matched,200,29.503036930011067,29.503036930011067,0.0,0.0,0.0,0.0,,,,,,,,,none,0
task_0,bagged_trees,ll,conn_matched,200,30.17694501257733,30.17694501257733,0.0,0.0,0.0,0.0,,,,,,,,,none,0
task_0,svm_gaussian_10,ll,conn_matched,200,29.206662108259597,29.206662108259597,0.0,0.0,0.0,0.0,,,,,,,,,none,0
task_1,linear,ll,conn_matched,200,27.15366466243664,26.324283931775952,0.8293807306606843,0.03054397043534306,0.0064669324069735485,2.327494703080771,0.12010961085970857,0.06767845005105448,0.010373124849547766,0.2543232457981721,0.12010961085970857,0.06767845005105448,0.010373124849547766,0.2543232457981721,none,0
task_1,ridge,ll,conn_matched,200,27.001340694858474,26.35575097324379,0.6455897216146795,0.023909543193076005,0.028076970369704298,1.7740571401031697,0.11097266026782235,0.036569034585513464,0.01177916152504316,0.2543232457981721,0.11097266026782235,0.036569034585513464,0.01177916152504316,0.2543232457981721,none,0
task_1,bagged_trees,ll,conn_matched,200,26.670586101887352,26.402742073673597,0.2678440282137537,0.010042674997487198,-0.016818162949370247,0.6138848327246539,0.04627399984287086,0.0894780565992162,0.034005759574095996,0.2543232457981721,0.04627399984287086,0.0894780565992162,0.034005759574095996,0.2543232457981721,none,0
task_1,svm_gaussian_10,ll,conn_matched,200,27.335292152941197,26.559796189793946,0.7754959631472524,0.02836977043480442,0.028012836691592092,2.1165612378990635,0.1063157649372651,0.04296193001394308,0.010192830590827158,0.2543232457981721,0.1063157649372651,0.04296193001394308,0.010192830590827158,0.2543232457981721,none,0
task_0,linear,ll,conn,200,29.580833983171015,29.580833983171015,0.0,0.0,0.0,0.0,,,,,,,,,none,0
task_0,ridge,ll,conn,200,29.503036930011067,29.503036930011067,0.0,0.0,0.0,0.0,,,,,,,,,none,0
task_0,bagged_trees,ll,conn,200,30.17694501257733,30.17694501257733,0.0,0.0,0.0,0.0,,,,,,,,,none,0
task_0,svm_gaussian_10,ll,conn,200,29.206662108259597,29.206662108259597,0.0,0.0,0.0,0.0,,,,,,,,,none,0
task_1,linear,ll,conn,200,27.15366466243664,26.324283931775952,0.8293807306606843,0.03054397043534306,0.0064669324069735485,2.327494703080771,0.12010961085970857,0.06767845005105448,0.010373124849547766,0.2543232457981721,0.12010961085970857,0.06767845005105448,0.010373124849547766,0.2543232457981721,none,0
task_1,ridge,ll,conn,200,27.001340694858474,26.35575097324379,0.6455897216146795,0.023909543193076005,0.028076970369704298,1.7740571401031697,0.11097266026782235,0.036569034585513464,0.01177916152504316,0.2543232457981721,0.11097266026782235,0.036569034585513464,0.01177916152504316,0.2543232457981721,none,0
task_1,bagged_trees,ll,conn,200,26.670586101887352,26.402742073673597,0.2678440282137537,0.010042674997487198,-0.016818162949370247,0.6138848327246539,0.04627399984287086,0.0894780565992162,0.034005759574095996,0.2543232457981721,0.04627399984287086,0.0894780565992162,0.034005759574095996,0.2543232457981721,none,0
task_1,svm_gaussian_10,ll,conn,200,27.335292152941197,26.559796189793946,0.7754959631472524,0.02836977043480442,0.028012836691592092,2.1165612378990635,0.1063157649372651,0.04296193001394308,0.010192830590827158,0.2543232457981721,0.1063157649372651,0.04296193001394308,0.010192830590827158,0.2543232457981721,none,0
task_0,linear,ll,ll+conn,200,29.580833983171015,29.580833983171015,0.0,0.0,0.0,0.0,,,,,,,,,none,0
task_0,ridge,ll,ll+conn,200,29.503036930011067,29.503036930011067,0.0,0.0,0.0,0.0,,,,,,,,,none,0
task_0,bagged_trees,ll,ll+conn,200,30.17694501257733,30.17694501257733,0.0,0.0,0.0,0.0,,,,,,,,,none,0
task_0,svm_gaussian_10,ll,ll+conn,200,29.206662108259597,29.206662108259597,0.0,0.0,0.0,0.0,,,,,,,,,none,0
task_1,linear,ll,ll+conn,200,27.15366466243664,27.15366466243664,0.0,0.0,0.0,0.0,,,,,,,,,none,0
task_1,ridge,ll,ll+conn,200,27.001340694858474,27.001340694858474,0.0,0.0,0.0,0.0,,,,,,,,,none,0
task_1,bagged_trees,ll,ll+conn,200,26.670586101887352,26.670586101887352,0.0,0.0,0.0,0.0,,,,,,,,,none,0
task_1,svm_gaussian_10,ll,ll+conn,200,27.335292152941197,27.335292152941197,0.0,0.0,0.0,0.0,,,,,,,,,none,0
task_0,linear,ll,"stack(ll,conn)",200,29.580833983171015,29.91121851705263,-0.33038453388160943,-0.011168871508814465,-1.3109583341275735,0.5440297205540974,0.7574202480371266,0.4863728817442398,0.774423340669016,0.6380771726240368,0.7574202480371266,0.5947300127636697,0.774423340669016,0.6380771726240368,none,0
task_0,ridge,ll,"stack(ll,conn)",200,29.503036930011067,30.127960772699176,-0.6249238426881066,-0.021181678488576945,-1.2194218940317603,-0.12705278104593543,0.9866869750721653,0.9525811583908528,0.9982701445897422,0.8432853932082818,0.9866869750721653,0.9525811583908528,0.9982701445897422,0.9384544519260728,none,0
task_0,bagged_trees,ll,"stack(ll,conn)",200,30.17694501257733,30.79505613270523,-0.6181111201278968,-0.020482892482001632,-1.555750307359927,0.16969947005381186,0.9241558993130548,0.9627791325058993,0.9651383214312332,0.7925793867092964,0.9241558993130548,1.0,0.9651383214312332,0.7925793867092964,none,0
task_0,svm_gaussian_10,ll,"stack(ll,conn)",200,29.206662108259597,29.68027995297548,-0.47361784471588136,-0.0162160894305667,-1.0035719978437105,0.018991041603458172,0.9660337090099941,0.9718267550855342,0.9947419455234617,0.8944258092330998,1.0,1.0,1.0,1.0,none,0
task_1,linear,ll,"stack(ll,conn)",200,27.15366466243664,26.791606813625805,0.3620578488108348,0.013333664288477865,-0.37262406753383115,1.1358726318937185,0.17780397171691328,0.29736500638183483,0.12938746766752213,0.26838086501725017,0.35560794343382657,0.5947300127636697,0.25877493533504425,0.5367617300345003,none,0
task_1,ridge,ll,"stack(ll,conn)",200,27.001340694858474,26.973145589962954,0.028195104895515122,0.0010442112935852834,-0.2527473101069884,0.2838958129655274,0.4203321253733986,0.05959797936880884,0.4135366716505423,0.4692272259630364,0.8406642507467972,0.11919595873761768,0.8270733433010846,0.9384544519260728,none,0
task_1,bagged_trees,ll,"stack(ll,conn)",200,26.670586101887352,26.37872346615747,0.2918626357298807,0.01094324041529882,-0.3619086143339394,1.018278688791947,0.20052920741367464,0.8091755070433133,0.2040983048336693,0.3485778084065333,0.4010584148273493,1.0,0.4081966096673386,0.6971556168130666,none,0
task_1,svm_gaussian_10,ll,"stack(ll,conn)",200,27.335292152941197,27.390800412259253,-0.05550825931805521,-0.002030644450678852,-0.6240726327006749,0.5332482853287693,0.5723683306632318,0.5243237838184238,0.6312942854991387,0.5625021762284117,1.0,1.0,1.0,1.0,none,0
task_0,linear,ll,disc,200,24.6782548802435,24.137041468236585,0.5412134120069158,0.021930781355216134,0.0143947290339499,1.1879513403385955,0.033765544443434096,0.018607339824143525,0.07427831658899346,0.21674054505113136,0.033765544443434096,0.018607339824143525,0.07427831658899346,0.21674054505113136,none,1
task_0,ridge,ll,disc,200,24.393121775389616,24.097108657626954,0.2960131177626668,0.012135105973246787,-0.10746199775729628,0.7666115800567248,0.08756301425967562,0.04646288436595234,0.17345941500666281,0.20286444139563026,0.08756301425967562,0.04646288436595234,0.17345941500666281,0.20286444139563026,none,1
task_0,bagged_trees,ll,disc,200,24.61664663854759,24.314938275650533,0.3017083628970574,0.012256273867319019,-0.07139934526467455,0.7017093706804834,0.06207490848347829,0.07711076199237946,0.06231723935450337,0.21480429330198111,0.06207490848347829,0.07711076199237946,0.06231723935450337,0.21480429330198111,none,1
task_0,svm_gaussian_10,ll,disc,200,24.295558605376478,24.134831475970795,0.1607271294056811,0.006615494297386232,-0.12781888246361053,0.43993757099570113,0.1296733565275107,0.026461614979763643,0.17462203655195851,0.2268165581869837,0.1296733565275107,0.026461614979763643,0.17462203655195851,0.2268165581869837,none,1
task_1,linear,ll,disc,200,26.33569220822384,26.33569220822384,0.0,0.0,0.0,0.0,,,,,,,,,none,1
task_1,ridge,ll,disc,200,26.355551149210168,26.355551149210168,0.0,0.0,0.0,0.0,,,,,,,,,none,1
task_1,bagged_trees,ll,disc,200,27.23402654160064,27.23402654160064,0.0,0.0,0.0,0.0,,,,,,,,,none,1
task_1,svm_gaussian_10,ll,disc,200,26.382951367084406,26.382951367084406,0.0,0.0,0.0,0.0,,,,,,,,,none,1
task_0,linear,ll,conn_matched,200,24.6782548802435,24.137041468236585,0.5412134120069158,0.021930781355216134,0.0143947290339499,1.1879513403385955,0.033765544443434096,0.018607339824143525,0.07427831658899346,0.21674054505113136,0.033765544443434096,0.018607339824143525,0.07427831658899346,0.21674054505113136,none,1
task_0,ridge,ll,conn_matched,200,24.393121775389616,24.097108657626954,0.2960131177626668,0.012135105973246787,-0.10746199775729628,0.7666115800567248,0.08756301425967562,0.04646288436595234,0.17345941500666281,0.20286444139563026,0.08756301425967562,0.04646288436595234,0.17345941500666281,0.20286444139563026,none,1
task_0,bagged_trees,ll,conn_matched,200,24.61664663854759,24.314938275650533,0.3017083628970574,0.012256273867319019,-0.07139934526467455,0.7017093706804834,0.06207490848347829,0.07711076199237946,0.06231723935450337,0.21480429330198111,0.06207490848347829,0.07711076199237946,0.06231723935450337,0.21480429330198111,none,1
task_0,svm_gaussian_10,ll,conn_matched,200,24.295558605376478,24.134831475970795,0.1607271294056811,0.006615494297386232,-0.12781888246361053,0.43993757099570113,0.1296733565275107,0.026461614979763643,0.17462203655195851,0.2268165581869837,0.1296733565275107,0.026461614979763643,0.17462203655195851,0.2268165581869837,none,1
task_1,linear,ll,conn_matched,200,26.33569220822384,26.33569220822384,0.0,0.0,0.0,0.0,,,,,,,,,none,1
task_1,ridge,ll,conn_matched,200,26.355551149210168,26.355551149210168,0.0,0.0,0.0,0.0,,,,,,,,,none,1
task_1,bagged_trees,ll,conn_matched,200,27.23402654160064,27.23402654160064,0.0,0.0,0.0,0.0,,,,,,,,,none,1
task_1,svm_gaussian_10,ll,conn_matched,200,26.382951367084406,26.382951367084406,0.0,0.0,0.0,0.0,,,,,,,,,none,1
task_0,linear,ll,conn,200,24.6782548802435,24.137041468236585,0.5412134120069158,0.021930781355216134,0.0143947290339499,1.1879513403385955,0.033765544443434096,0.018607339824143525,0.07427831658899346,0.21674054505113136,0.033765544443434096,0.018607339824143525,0.07427831658899346,0.21674054505113136,none,1
task_0,ridge,ll,conn,200,24.393121775389616,24.097108657626954,0.2960131177626668,0.012135105973246787,-0.10746199775729628,0.7666115800567248,0.08756301425967562,0.04646288436595234,0.17345941500666281,0.20286444139563026,0.08756301425967562,0.04646288436595234,0.17345941500666281,0.20286444139563026,none,1
task_0,bagged_trees,ll,conn,200,24.61664663854759,24.314938275650533,0.3017083628970574,0.012256273867319019,-0.07139934526467455,0.7017093706804834,0.06207490848347829,0.07711076199237946,0.06231723935450337,0.21480429330198111,0.06207490848347829,0.07711076199237946,0.06231723935450337,0.21480429330198111,none,1
task_0,svm_gaussian_10,ll,conn,200,24.295558605376478,24.134831475970795,0.1607271294056811,0.006615494297386232,-0.12781888246361053,0.43993757099570113,0.1296733565275107,0.026461614979763643,0.17462203655195851,0.2268165581869837,0.1296733565275107,0.026461614979763643,0.17462203655195851,0.2268165581869837,none,1
task_1,linear,ll,conn,200,26.33569220822384,26.33569220822384,0.0,0.0,0.0,0.0,,,,,,,,,none,1
task_1,ridge,ll,conn,200,26.355551149210168,26.355551149210168,0.0,0.0,0.0,0.0,,,,,,,,,none,1
task_1,bagged_trees,ll,conn,200,27.23402654160064,27.23402654160064,0.0,0.0,0.0,0.0,,,,,,,,,none,1
task_1,svm_gaussian_10,ll,conn,200,26.382951367084406,26.382951367084406,0.0,0.0,0.0,0.0,,,,,,,,,none,1
task_0,linear,ll,ll+conn,200,24.6782548802435,24.6782548802435,0.0,0.0,0.0,0.0,,,,,,,,,none,1
task_0,ridge,ll,ll+conn,200,24.393121775389616,24.393121775389616,0.0,0.0,0.0,0.0,,,,,,,,,none,1
task_0,bagged_trees,ll,ll+conn,200,24.61664663854759,24.61664663854759,0.0,0.0,0.0,0.0,,,,,,,,,none,1
task_0,svm_gaussian_10,ll,ll+conn,200,24.295558605376478,24.295558605376478,0.0,0.0,0.0,0.0,,,,,,,,,none,1
task_1,linear,ll,ll+conn,200,26.33569220822384,26.33569220822384,0.0,0.0,0.0,0.0,,,,,,,,,none,1
task_1,ridge,ll,ll+conn,200,26.355551149210168,26.355551149210168,0.0,0.0,0.0,0.0,,,,,,,,,none,1
task_1,bagged_trees,ll,ll+conn,200,27.23402654160064,27.23402654160064,0.0,0.0,0.0,0.0,,,,,,,,,none,1
task_1,svm_gaussian_10,ll,ll+conn,200,26.382951367084406,26.382951367084406,0.0,0.0,0.0,0.0,,,,,,,,,none,1
task_0,linear,ll,"stack(ll,conn)",200,24.6782548802435,25.32713997370216,-0.6488850934586636,-0.026293799809083626,-1.7497907546045137,0.38027256082976263,0.8829671513076012,0.8202577496306325,0.8994509836076983,0.6747080274581505,1.0,1.0,1.0,1.0,none,1
task_0,ridge,ll,"stack(ll,conn)",200,24.393121775389616,25.21834054972749,-0.8252187743378662,-0.033829978054323286,-1.594635950999422,-0.1857962629170721,0.9871507540889447,0.9386470986643587,0.9906865997473008,0.7960269904910138,1.0,1.0,1.0,1.0,none,1
task_0,bagged_trees,ll,"stack(ll,conn)",200,24.61664663854759,25.236653931371865,-0.6200072928242744,-0.02518650496665924,-1.0680121688007471,-0.21756861317394358,0.9970174978770483,0.9951386791724738,0.9918458486209103,0.9642881489124121,1.0,1.0,1.0,1.0,none,1
task_0,svm_gaussian_10,ll,"stack(ll,conn)",200,24.295558605376478,24.90088791364995,-0.6053293082734743,-0.02491522496377252,-1.215575946148615,-0.05076752912468957,0.9803408235874064,0.9620797461366376,0.9920296663784248,0.7892830288221161,1.0,1.0,1.0,1.0,none,1
task_1,linear,ll,"stack(ll,conn)",200,26.33569220822384,26.749165203571422,-0.41347299534757986,-0.015700099776320472,-1.0857454691070705,0.2611625237352246,0.8759691430001721,0.7679468768923345,0.856848884683733,0.7254846738848912,1.0,1.0,1.0,1.0,none,1
task_1,ridge,ll,"stack(ll,conn)",200,26.355551149210168,26.81692867119658,-0.4613775219864175,-0.01750589541362121,-0.8664167897397085,-0.04352039926399391,0.9828462082704864,0.9778288445882041,0.9778179707753928,0.8464155478678361,1.0,1.0,1.0,1.0,none,1
task_1,bagged_trees,ll,"stack(ll,conn)",200,27.23402654160064,27.73306071904221,-0.4990341774415674,-0.018323921976035402,-1.0160141344838212,-0.018736092517348257,0.973646520463681,0.9554060391267775,0.9433682544435401,0.8754316659000347,1.0,1.0,1.0,1.0,none,1
task_1,svm_gaussian_10,ll,"stack(ll,conn)",200,26.382951367084406,26.405838887940785,-0.022887520856381727,-0.000867511770685989,-0.7920587621946721,0.7189976883671884,0.523641283482698,0.5345180183864906,0.8154687433139078,0.5149704151432911,1.0,1.0,1.0,1.0,none,1
task_0,linear,ll,disc,200,28.421647576210017,28.421647576210017,0.0,0.0,0.0,0.0,,,,,,,,,none,2
task_0,ridge,ll,disc,200,28.457955759628295,28.457955759628295,0.0,0.0,0.0,0.0,,,,,,,,,none,2
task_0,bagged_trees,ll,disc,200,28.838601487478876,28.838601487478876,0.0,0.0,0.0,0.0,,,,,,,,,none,2
task_0,svm_gaussian_10,ll,disc,200,29.351233327475924,29.351233327475924,0.0,0.0,0.0,0.0,,,,,,,,,none,2
task_1,linear,ll,disc,200,26.30680715412166,26.30680715412166,0.0,0.0,0.0,0.0,,,,,,,,,none,2
task_1,ridge,ll,disc,200,26.243491571907104,26.243491571907104,0.0,0.0,0.0,0.0,,,,,,,,,none,2
task_1,bagged_trees,ll,disc,200,25.51924396909077,25.51924396909077,0.0,0.0,0.0,0.0,,,,,,,,,none,2
task_1,svm_gaussian_10,ll,disc,200,25.73908025813523,25.73908025813523,0.0,0.0,0.0,0.0,,,,,,,,,none,2
task_0,linear,ll,conn_matched,200,28.421647576210017,28.421647576210017,0.0,0.0,0.0,0.0,,,,,,,,,none,2
task_0,ridge,ll,conn_matched,200,28.457955759628295,28.457955759628295,0.0,0.0,0.0,0.0,,,,,,,,,none,2
task_0,bagged_trees,ll,conn_matched,200,28.838601487478876,28.838601487478876,0.0,0.0,0.0,0.0,,,,,,,,,none,2
task_0,svm_gaussian_10,ll,conn_matched,200,29.351233327475924,29.351233327475924,0.0,0.0,0.0,0.0,,,,,,,,,none,2
task_1,linear,ll,conn_matched,200,26.30680715412166,26.30680715412166,0.0,0.0,0.0,0.0,,,,,,,,,none,2
task_1,ridge,ll,conn_matched,200,26.243491571907104,26.243491571907104,0.0,0.0,0.0,0.0,,,,,,,,,none,2
task_1,bagged_trees,ll,conn_matched,200,25.51924396909077,25.51924396909077,0.0,0.0,0.0,0.0,,,,,,,,,none,2
task_1,svm_gaussian_10,ll,conn_matched,200,25.73908025813523,25.73908025813523,0.0,0.0,0.0,0.0,,,,,,,,,none,2
task_0,linear,ll,conn,200,28.421647576210017,28.421647576210017,0.0,0.0,0.0,0.0,,,,,,,,,none,2
task_0,ridge,ll,conn,200,28.457955759628295,28.457955759628295,0.0,0.0,0.0,0.0,,,,,,,,,none,2
task_0,bagged_trees,ll,conn,200,28.838601487478876,28.838601487478876,0.0,0.0,0.0,0.0,,,,,,,,,none,2
task_0,svm_gaussian_10,ll,conn,200,29.351233327475924,29.351233327475924,0.0,0.0,0.0,0.0,,,,,,,,,none,2
task_1,linear,ll,conn,200,26.30680715412166,26.30680715412166,0.0,0.0,0.0,0.0,,,,,,,,,none,2
task_1,ridge,ll,conn,200,26.243491571907104,26.243491571907104,0.0,0.0,0.0,0.0,,,,,,,,,none,2
task_1,bagged_trees,ll,conn,200,25.51924396909077,25.51924396909077,0.0,0.0,0.0,0.0,,,,,,,,,none,2
task_1,svm_gaussian_10,ll,conn,200,25.73908025813523,25.73908025813523,0.0,0.0,0.0,0.0,,,,,,,,,none,2
task_0,linear,ll,ll+conn,200,28.421647576210017,28.421647576210017,0.0,0.0,0.0,0.0,,,,,,,,,none,2
task_0,ridge,ll,ll+conn,200,28.457955759628295,28.457955759628295,0.0,0.0,0.0,0.0,,,,,,,,,none,2
task_0,bagged_trees,ll,ll+conn,200,28.838601487478876,28.838601487478876,0.0,0.0,0.0,0.0,,,,,,,,,none,2
task_0,svm_gaussian_10,ll,ll+conn,200,29.351233327475924,29.351233327475924,0.0,0.0,0.0,0.0,,,,,,,,,none,2
task_1,linear,ll,ll+conn,200,26.30680715412166,26.30680715412166,0.0,0.0,0.0,0.0,,,,,,,,,none,2
task_1,ridge,ll,ll+conn,200,26.243491571907104,26.243491571907104,0.0,0.0,0.0,0.0,,,,,,,,,none,2
task_1,bagged_trees,ll,ll+conn,200,25.51924396909077,25.51924396909077,0.0,0.0,0.0,0.0,,,,,,,,,none,2
task_1,svm_gaussian_10,ll,ll+conn,200,25.73908025813523,25.73908025813523,0.0,0.0,0.0,0.0,,,,,,,,,none,2
task_0,linear,ll,"stack(ll,conn)",200,28.421647576210017,28.55143080314014,-0.12978322693012267,-0.004566351284953519,-0.94253612844997,0.6221383152583048,0.6271900973372018,0.18983010783828136,0.6188145940440493,0.5702657408040519,1.0,0.3796602156765627,1.0,1.0,none,2
task_0,ridge,ll,"stack(ll,conn)",200,28.457955759628295,28.704645282801057,-0.24668952317277074,-0.008668560920413522,-0.6511820982509909,0.14592632327000402,0.8811152281501078,0.7814938859892766,0.8341443176455092,0.7758536704561406,1.0,1.0,1.0,1.0,none,2
task_0,bagged_trees,ll,"stack(ll,conn)",200,28.838601487478876,29.245428913603135,-0.40682742612426154,-0.014107044209508481,-1.015835047910561,0.1530760115155887,0.9138621607172611,0.7653323290504501,0.906899465266851,0.7245367797529512,1.0,1.0,1.0,1.0,none,2
task_0,svm_gaussian_10,ll,"stack(ll,conn)",200,29.351233327475924,29.468046619867327,-0.11681329239140698,-0.0039798427237487536,-0.8294768444852736,0.6499803059703513,0.6200383400389942,0.6267830484384707,0.6480527440731649,0.5540309593863451,1.0,1.0,1.0,1.0,none,2
task_1,linear,ll,"stack(ll,conn)",200,26.30680715412166,26.503801324589414,-0.19699417046774947,-0.0074883344570716975,-0.9627895746795164,0.6030104207925338,0.6914656139104445,0.9121938319644654,0.6725748537995979,0.6157921329320858,1.0,0.9121938319644654,1.0,1.0,none,2
task_1,ridge,ll,"stack(ll,conn)",200,26.243491571907104,26.677511066464795,-0.4340194945576917,-0.016538176460570396,-0.7857927246720436,-0.09882890923047948,0.9929179847129019,0.9996712514652625,0.9850419077567304,0.9266106983996487,1.0,1.0,1.0,1.0,none,2
task_1,bagged_trees,ll,"stack(ll,conn)",200,25.51924396909077,25.721317416910708,-0.20207344781993686,-0.007918473135986738,-0.5145716559845447,0.07658934861316669,0.9154241180378656,0.8336812806814617,0.9160556754259598,0.7742491993540441,1.0,1.0,1.0,1.0,none,2
task_1,svm_gaussian_10,ll,"stack(ll,conn)",200,25.73908025813523,25.99329041973933,-0.25421016160410553,-0.009876427558974589,-0.5340687666662561,0.006333741465301912,0.9666734215807478,0.8826710810782505,0.980235304215701,0.8131595759029093,1.0,1.0,1.0,1.0,none,2
